neurotransmitter,class,subclass,supertype,cluster,neurotransmitter_color,class_color,subclass_color,supertype_color,cluster_color,num_cells_in_cluster
GABA,12 HY GABA,093 RT-ZI Gnb3 Gaba,0431 RT-ZI Gnb3 Gaba_1,1580 RT-ZI Gnb3 Gaba_1,#FF3358,#FF6600,#CCB65C,#99FFFC,#CC807A,72
GABA,12 HY GABA,093 RT-ZI Gnb3 Gaba,0431 RT-ZI Gnb3 Gaba_1,1581 RT-ZI Gnb3 Gaba_1,#FF3358,#FF6600,#CCB65C,#99FFFC,#FFBB73,128
GABA,12 HY GABA,093 RT-ZI Gnb3 Gaba,0431 RT-ZI Gnb3 Gaba_1,1582 RT-ZI Gnb3 Gaba_1,#FF3358,#FF6600,#CCB65C,#99FFFC,#66483D,181
GABA,12 HY GABA,093 RT-ZI Gnb3 Gaba,0431 RT-ZI Gnb3 Gaba_1,1583 RT-ZI Gnb3 Gaba_1,#FF3358,#FF6600,#CCB65C,#99FFFC,#81CC3D,78
GABA,12 HY GABA,093 RT-ZI Gnb3 Gaba,0431 RT-ZI Gnb3 Gaba_1,1584 RT-ZI Gnb3 Gaba_1,#FF3358,#FF6600,#CCB65C,#99FFFC,#8FFF26,47
GABA,12 HY GABA,093 RT-ZI Gnb3 Gaba,0431 RT-ZI Gnb3 Gaba_1,1585 RT-ZI Gnb3 Gaba_1,#FF3358,#FF6600,#CCB65C,#99FFFC,#FF7388,42
GABA,12 HY GABA,093 RT-ZI Gnb3 Gaba,0432 RT-ZI Gnb3 Gaba_2,1586 RT-ZI Gnb3 Gaba_2,#FF3358,#FF6600,#CCB65C,#93FF4D,#663E1F,104
GABA,12 HY GABA,093 RT-ZI Gnb3 Gaba,0432 RT-ZI Gnb3 Gaba_2,1587 RT-ZI Gnb3 Gaba_2,#FF3358,#FF6600,#CCB65C,#93FF4D,#0F2A66,49
GABA,12 HY GABA,093 RT-ZI Gnb3 Gaba,0432 RT-ZI Gnb3 Gaba_2,1588 RT-ZI Gnb3 Gaba_2,#FF3358,#FF6600,#CCB65C,#93FF4D,#CC5C83,238
GABA,12 HY GABA,093 RT-ZI Gnb3 Gaba,0432 RT-ZI Gnb3 Gaba_2,1589 RT-ZI Gnb3 Gaba_2,#FF3358,#FF6600,#CCB65C,#93FF4D,#3D6663,20
GABA,12 HY GABA,093 RT-ZI Gnb3 Gaba,0432 RT-ZI Gnb3 Gaba_2,1590 RT-ZI Gnb3 Gaba_2,#FF3358,#FF6600,#CCB65C,#93FF4D,#635C99,65
GABA,12 HY GABA,093 RT-ZI Gnb3 Gaba,0433 RT-ZI Gnb3 Gaba_3,1591 RT-ZI Gnb3 Gaba_3,#FF3358,#FF6600,#CCB65C,#29CC1F,#FF73C4,407
GABA,12 HY GABA,093 RT-ZI Gnb3 Gaba,0433 RT-ZI Gnb3 Gaba_3,1592 RT-ZI Gnb3 Gaba_3,#FF3358,#FF6600,#CCB65C,#29CC1F,#66411F,464
GABA,12 HY GABA,093 RT-ZI Gnb3 Gaba,0433 RT-ZI Gnb3 Gaba_3,1593 RT-ZI Gnb3 Gaba_3,#FF3358,#FF6600,#CCB65C,#29CC1F,#CC3D9F,465
GABA,12 HY GABA,093 RT-ZI Gnb3 Gaba,0433 RT-ZI Gnb3 Gaba_3,1594 RT-ZI Gnb3 Gaba_3,#FF3358,#FF6600,#CCB65C,#29CC1F,#009990,14
GABA,12 HY GABA,093 RT-ZI Gnb3 Gaba,0434 RT-ZI Gnb3 Gaba_4,1595 RT-ZI Gnb3 Gaba_4,#FF3358,#FF6600,#CCB65C,#179930,#4D3D66,31
GABA,12 HY GABA,093 RT-ZI Gnb3 Gaba,0434 RT-ZI Gnb3 Gaba_4,1596 RT-ZI Gnb3 Gaba_4,#FF3358,#FF6600,#CCB65C,#179930,#E4FF99,2
GABA,12 HY GABA,093 RT-ZI Gnb3 Gaba,0434 RT-ZI Gnb3 Gaba_4,1597 RT-ZI Gnb3 Gaba_4,#FF3358,#FF6600,#CCB65C,#179930,#3D1F66,50
GABA,12 HY GABA,093 RT-ZI Gnb3 Gaba,0434 RT-ZI Gnb3 Gaba_4,1598 RT-ZI Gnb3 Gaba_4,#FF3358,#FF6600,#CCB65C,#179930,#660F58,53
GABA,12 HY GABA,093 RT-ZI Gnb3 Gaba,0434 RT-ZI Gnb3 Gaba_4,1599 RT-ZI Gnb3 Gaba_4,#FF3358,#FF6600,#CCB65C,#179930,#66001F,21
GABA,12 HY GABA,093 RT-ZI Gnb3 Gaba,0435 RT-ZI Gnb3 Gaba_5,1600 RT-ZI Gnb3 Gaba_5,#FF3358,#FF6600,#CCB65C,#90995C,#010066,248
GABA,12 HY GABA,093 RT-ZI Gnb3 Gaba,0435 RT-ZI Gnb3 Gaba_5,1601 RT-ZI Gnb3 Gaba_5,#FF3358,#FF6600,#CCB65C,#90995C,#5C7E99,638
GABA,12 HY GABA,093 RT-ZI Gnb3 Gaba,0435 RT-ZI Gnb3 Gaba_5,1602 RT-ZI Gnb3 Gaba_5,#FF3358,#FF6600,#CCB65C,#90995C,#2E6642,281
GABA,12 HY GABA,093 RT-ZI Gnb3 Gaba,0435 RT-ZI Gnb3 Gaba_5,1603 RT-ZI Gnb3 Gaba_5,#FF3358,#FF6600,#CCB65C,#90995C,#26FF99,487
GABA,12 HY GABA,093 RT-ZI Gnb3 Gaba,0435 RT-ZI Gnb3 Gaba_5,1604 RT-ZI Gnb3 Gaba_5,#FF3358,#FF6600,#CCB65C,#90995C,#FFDC4D,3372
GABA,12 HY GABA,096 PVHd Gsc Gaba,0441 PVHd Gsc Gaba_1,1625 PVHd Gsc Gaba_1,#FF3358,#FF6600,#3B1FCC,#854599,#2E6663,16
GABA,12 HY GABA,097 PVHd-SBPV Six3 Prox1 Gaba,0442 PVHd-SBPV Six3 Prox1 Gaba_1,1626 PVHd-SBPV Six3 Prox1 Gaba_1,#FF3358,#FF6600,#2E3D66,#9D7ACC,#865C99,22
GABA,12 HY GABA,097 PVHd-SBPV Six3 Prox1 Gaba,0442 PVHd-SBPV Six3 Prox1 Gaba_1,1629 PVHd-SBPV Six3 Prox1 Gaba_1,#FF3358,#FF6600,#2E3D66,#9D7ACC,#2E6651,12
GABA,12 HY GABA,097 PVHd-SBPV Six3 Prox1 Gaba,0442 PVHd-SBPV Six3 Prox1 Gaba_1,1630 PVHd-SBPV Six3 Prox1 Gaba_1,#FF3358,#FF6600,#2E3D66,#9D7ACC,#3D6640,4
GABA,12 HY GABA,097 PVHd-SBPV Six3 Prox1 Gaba,0442 PVHd-SBPV Six3 Prox1 Gaba_1,1631 PVHd-SBPV Six3 Prox1 Gaba_1,#FF3358,#FF6600,#2E3D66,#9D7ACC,#95CC00,6
GABA,12 HY GABA,097 PVHd-SBPV Six3 Prox1 Gaba,0442 PVHd-SBPV Six3 Prox1 Gaba_1,1632 PVHd-SBPV Six3 Prox1 Gaba_1,#FF3358,#FF6600,#2E3D66,#9D7ACC,#FFD600,10
GABA,12 HY GABA,097 PVHd-SBPV Six3 Prox1 Gaba,0443 PVHd-SBPV Six3 Prox1 Gaba_2,1634 PVHd-SBPV Six3 Prox1 Gaba_2,#FF3358,#FF6600,#2E3D66,#663800,#4DCC3D,4
GABA,12 HY GABA,097 PVHd-SBPV Six3 Prox1 Gaba,0443 PVHd-SBPV Six3 Prox1 Gaba_2,1637 PVHd-SBPV Six3 Prox1 Gaba_2,#FF3358,#FF6600,#2E3D66,#663800,#993D2E,2
GABA,12 HY GABA,097 PVHd-SBPV Six3 Prox1 Gaba,0444 PVHd-SBPV Six3 Prox1 Gaba_3,1638 PVHd-SBPV Six3 Prox1 Gaba_3,#FF3358,#FF6600,#2E3D66,#661F47,#380066,4
GABA,12 HY GABA,097 PVHd-SBPV Six3 Prox1 Gaba,0444 PVHd-SBPV Six3 Prox1 Gaba_3,1639 PVHd-SBPV Six3 Prox1 Gaba_3,#FF3358,#FF6600,#2E3D66,#661F47,#0F3166,2
GABA,12 HY GABA,097 PVHd-SBPV Six3 Prox1 Gaba,0444 PVHd-SBPV Six3 Prox1 Gaba_3,1640 PVHd-SBPV Six3 Prox1 Gaba_3,#FF3358,#FF6600,#2E3D66,#661F47,#2E4A66,3
GABA,12 HY GABA,097 PVHd-SBPV Six3 Prox1 Gaba,0444 PVHd-SBPV Six3 Prox1 Gaba_3,1641 PVHd-SBPV Six3 Prox1 Gaba_3,#FF3358,#FF6600,#2E3D66,#661F47,#665E3D,14
GABA,12 HY GABA,097 PVHd-SBPV Six3 Prox1 Gaba,0445 PVHd-SBPV Six3 Prox1 Gaba_4,1643 PVHd-SBPV Six3 Prox1 Gaba_4,#FF3358,#FF6600,#2E3D66,#48663D,#623D66,1
GABA,12 HY GABA,098 AHN-SBPV-PVHd Pdrm12 Gaba,0447 AHN-SBPV-PVHd Pdrm12 Gaba_2,1651 AHN-SBPV-PVHd Pdrm12 Gaba_2,#FF3358,#FF6600,#BB7ACC,#CCA17A,#179799,1
GABA,12 HY GABA,098 AHN-SBPV-PVHd Pdrm12 Gaba,0448 AHN-SBPV-PVHd Pdrm12 Gaba_3,1659 AHN-SBPV-PVHd Pdrm12 Gaba_3,#FF3358,#FF6600,#BB7ACC,#99FFDA,#CC7AA9,1
GABA,12 HY GABA,098 AHN-SBPV-PVHd Pdrm12 Gaba,0449 AHN-SBPV-PVHd Pdrm12 Gaba_4,1663 AHN-SBPV-PVHd Pdrm12 Gaba_4,#FF3358,#FF6600,#BB7ACC,#CC5C6E,#7C2E99,1
GABA,12 HY GABA,098 AHN-SBPV-PVHd Pdrm12 Gaba,0449 AHN-SBPV-PVHd Pdrm12 Gaba_4,1664 AHN-SBPV-PVHd Pdrm12 Gaba_4,#FF3358,#FF6600,#BB7ACC,#CC5C6E,#998F45,3
GABA,12 HY GABA,098 AHN-SBPV-PVHd Pdrm12 Gaba,0449 AHN-SBPV-PVHd Pdrm12 Gaba_4,1665 AHN-SBPV-PVHd Pdrm12 Gaba_4,#FF3358,#FF6600,#BB7ACC,#CC5C6E,#FF4DBC,2
GABA,12 HY GABA,098 AHN-SBPV-PVHd Pdrm12 Gaba,0449 AHN-SBPV-PVHd Pdrm12 Gaba_4,1666 AHN-SBPV-PVHd Pdrm12 Gaba_4,#FF3358,#FF6600,#BB7ACC,#CC5C6E,#5F00FF,2
GABA,12 HY GABA,098 AHN-SBPV-PVHd Pdrm12 Gaba,0450 AHN-SBPV-PVHd Pdrm12 Gaba_5,1671 AHN-SBPV-PVHd Pdrm12 Gaba_5,#FF3358,#FF6600,#BB7ACC,#660012,#5C6600,10
GABA,12 HY GABA,098 AHN-SBPV-PVHd Pdrm12 Gaba,0451 AHN-SBPV-PVHd Pdrm12 Gaba_6,1675 AHN-SBPV-PVHd Pdrm12 Gaba_6,#FF3358,#FF6600,#BB7ACC,#73FFAB,#A15CCC,6
GABA,12 HY GABA,098 AHN-SBPV-PVHd Pdrm12 Gaba,0452 AHN-SBPV-PVHd Pdrm12 Gaba_7,1678 AHN-SBPV-PVHd Pdrm12 Gaba_7,#FF3358,#FF6600,#BB7ACC,#994017,#661F22,22
GABA,12 HY GABA,098 AHN-SBPV-PVHd Pdrm12 Gaba,0452 AHN-SBPV-PVHd Pdrm12 Gaba_7,1679 AHN-SBPV-PVHd Pdrm12 Gaba_7,#FF3358,#FF6600,#BB7ACC,#994017,#2E9931,11
GABA,12 HY GABA,098 AHN-SBPV-PVHd Pdrm12 Gaba,0452 AHN-SBPV-PVHd Pdrm12 Gaba_7,1680 AHN-SBPV-PVHd Pdrm12 Gaba_7,#FF3358,#FF6600,#BB7ACC,#994017,#7ACC9E,11
GABA,12 HY GABA,098 AHN-SBPV-PVHd Pdrm12 Gaba,0452 AHN-SBPV-PVHd Pdrm12 Gaba_7,1681 AHN-SBPV-PVHd Pdrm12 Gaba_7,#FF3358,#FF6600,#BB7ACC,#994017,#992E66,6
GABA,12 HY GABA,098 AHN-SBPV-PVHd Pdrm12 Gaba,0452 AHN-SBPV-PVHd Pdrm12 Gaba_7,1682 AHN-SBPV-PVHd Pdrm12 Gaba_7,#FF3358,#FF6600,#BB7ACC,#994017,#FF99AF,21
GABA,12 HY GABA,099 SBPV-PVa Six6 Satb2 Gaba,0454 SBPV-PVa Six6 Satb2 Gaba_2,1690 SBPV-PVa Six6 Satb2 Gaba_2,#FF3358,#FF6600,#99FF4D,#A7FF73,#992E64,1
GABA,12 HY GABA,100 AHN Onecut3 Gaba,0456 AHN Onecut3 Gaba_1,1703 AHN Onecut3 Gaba_1,#FF3358,#FF6600,#553D66,#1FCCC0,#44661F,4
GABA,12 HY GABA,100 AHN Onecut3 Gaba,0457 AHN Onecut3 Gaba_2,1705 AHN Onecut3 Gaba_2,#FF3358,#FF6600,#553D66,#7AB1CC,#CC937A,3
GABA,12 HY GABA,101 ZI Pax6 Gaba,0459 ZI Pax6 Gaba_1,1714 ZI Pax6 Gaba_1,#FF3358,#FF6600,#73FFCF,#1F1799,#A926FF,15
GABA,12 HY GABA,101 ZI Pax6 Gaba,0459 ZI Pax6 Gaba_1,1715 ZI Pax6 Gaba_1,#FF3358,#FF6600,#73FFCF,#1F1799,#310099,295
GABA,12 HY GABA,101 ZI Pax6 Gaba,0459 ZI Pax6 Gaba_1,1716 ZI Pax6 Gaba_1,#FF3358,#FF6600,#73FFCF,#1F1799,#3D4E66,7
GABA,12 HY GABA,101 ZI Pax6 Gaba,0459 ZI Pax6 Gaba_1,1717 ZI Pax6 Gaba_1,#FF3358,#FF6600,#73FFCF,#1F1799,#FF99A1,32
GABA,12 HY GABA,101 ZI Pax6 Gaba,0459 ZI Pax6 Gaba_1,1718 ZI Pax6 Gaba_1,#FF3358,#FF6600,#73FFCF,#1F1799,#2E6499,44
GABA,12 HY GABA,101 ZI Pax6 Gaba,0459 ZI Pax6 Gaba_1,1719 ZI Pax6 Gaba_1,#FF3358,#FF6600,#73FFCF,#1F1799,#4E9917,68
GABA,12 HY GABA,101 ZI Pax6 Gaba,0459 ZI Pax6 Gaba_1,1720 ZI Pax6 Gaba_1,#FF3358,#FF6600,#73FFCF,#1F1799,#839917,28
GABA,12 HY GABA,101 ZI Pax6 Gaba,0459 ZI Pax6 Gaba_1,1721 ZI Pax6 Gaba_1,#FF3358,#FF6600,#73FFCF,#1F1799,#1F0099,9
GABA,12 HY GABA,101 ZI Pax6 Gaba,0459 ZI Pax6 Gaba_1,1722 ZI Pax6 Gaba_1,#FF3358,#FF6600,#73FFCF,#1F1799,#5C998A,17
GABA,12 HY GABA,101 ZI Pax6 Gaba,0459 ZI Pax6 Gaba_1,1723 ZI Pax6 Gaba_1,#FF3358,#FF6600,#73FFCF,#1F1799,#519945,3
GABA,12 HY GABA,101 ZI Pax6 Gaba,0459 ZI Pax6 Gaba_1,1724 ZI Pax6 Gaba_1,#FF3358,#FF6600,#73FFCF,#1F1799,#8E9900,5
GABA,12 HY GABA,101 ZI Pax6 Gaba,0460 ZI Pax6 Gaba_2,1725 ZI Pax6 Gaba_2,#FF3358,#FF6600,#73FFCF,#CC7A86,#A45CCC,21
GABA,12 HY GABA,101 ZI Pax6 Gaba,0460 ZI Pax6 Gaba_2,1726 ZI Pax6 Gaba_2,#FF3358,#FF6600,#73FFCF,#CC7A86,#B0FF99,10
GABA,12 HY GABA,101 ZI Pax6 Gaba,0460 ZI Pax6 Gaba_2,1727 ZI Pax6 Gaba_2,#FF3358,#FF6600,#73FFCF,#CC7A86,#CCAD5C,9
GABA,12 HY GABA,101 ZI Pax6 Gaba,0460 ZI Pax6 Gaba_2,1728 ZI Pax6 Gaba_2,#FF3358,#FF6600,#73FFCF,#CC7A86,#462E66,44
GABA,12 HY GABA,101 ZI Pax6 Gaba,0460 ZI Pax6 Gaba_2,1729 ZI Pax6 Gaba_2,#FF3358,#FF6600,#73FFCF,#CC7A86,#001466,64
GABA,12 HY GABA,101 ZI Pax6 Gaba,0461 ZI Pax6 Gaba_3,1730 ZI Pax6 Gaba_3,#FF3358,#FF6600,#73FFCF,#CC5A3D,#0F6622,27
GABA,12 HY GABA,101 ZI Pax6 Gaba,0461 ZI Pax6 Gaba_3,1731 ZI Pax6 Gaba_3,#FF3358,#FF6600,#73FFCF,#CC5A3D,#661F3D,13
GABA,12 HY GABA,101 ZI Pax6 Gaba,0461 ZI Pax6 Gaba_3,1732 ZI Pax6 Gaba_3,#FF3358,#FF6600,#73FFCF,#CC5A3D,#176B99,133
GABA,12 HY GABA,101 ZI Pax6 Gaba,0461 ZI Pax6 Gaba_3,1733 ZI Pax6 Gaba_3,#FF3358,#FF6600,#73FFCF,#CC5A3D,#0F6658,19
GABA,12 HY GABA,101 ZI Pax6 Gaba,0461 ZI Pax6 Gaba_3,1734 ZI Pax6 Gaba_3,#FF3358,#FF6600,#73FFCF,#CC5A3D,#66473D,27
GABA,12 HY GABA,101 ZI Pax6 Gaba,0461 ZI Pax6 Gaba_3,1735 ZI Pax6 Gaba_3,#FF3358,#FF6600,#73FFCF,#CC5A3D,#3D6645,57
GABA,12 HY GABA,101 ZI Pax6 Gaba,0461 ZI Pax6 Gaba_3,1736 ZI Pax6 Gaba_3,#FF3358,#FF6600,#73FFCF,#CC5A3D,#66170F,28
GABA,12 HY GABA,101 ZI Pax6 Gaba,0461 ZI Pax6 Gaba_3,1737 ZI Pax6 Gaba_3,#FF3358,#FF6600,#73FFCF,#CC5A3D,#FFCC99,12
GABA,12 HY GABA,101 ZI Pax6 Gaba,0461 ZI Pax6 Gaba_3,1738 ZI Pax6 Gaba_3,#FF3358,#FF6600,#73FFCF,#CC5A3D,#5D5CCC,7
GABA,12 HY GABA,101 ZI Pax6 Gaba,0462 ZI Pax6 Gaba_4,1739 ZI Pax6 Gaba_4,#FF3358,#FF6600,#73FFCF,#52660F,#179932,723
GABA,12 HY GABA,101 ZI Pax6 Gaba,0462 ZI Pax6 Gaba_4,1740 ZI Pax6 Gaba_4,#FF3358,#FF6600,#73FFCF,#52660F,#FFB799,407
GABA,12 HY GABA,101 ZI Pax6 Gaba,0462 ZI Pax6 Gaba_4,1741 ZI Pax6 Gaba_4,#FF3358,#FF6600,#73FFCF,#52660F,#3F0066,15
GABA,12 HY GABA,101 ZI Pax6 Gaba,0462 ZI Pax6 Gaba_4,1742 ZI Pax6 Gaba_4,#FF3358,#FF6600,#73FFCF,#52660F,#FF6900,32
GABA,12 HY GABA,101 ZI Pax6 Gaba,0462 ZI Pax6 Gaba_4,1743 ZI Pax6 Gaba_4,#FF3358,#FF6600,#73FFCF,#52660F,#992E17,64
GABA,12 HY GABA,101 ZI Pax6 Gaba,0462 ZI Pax6 Gaba_4,1744 ZI Pax6 Gaba_4,#FF3358,#FF6600,#73FFCF,#52660F,#7ACC9A,14
GABA,12 HY GABA,101 ZI Pax6 Gaba,0462 ZI Pax6 Gaba_4,1745 ZI Pax6 Gaba_4,#FF3358,#FF6600,#73FFCF,#52660F,#99454F,31
GABA,12 HY GABA,101 ZI Pax6 Gaba,0462 ZI Pax6 Gaba_4,1746 ZI Pax6 Gaba_4,#FF3358,#FF6600,#73FFCF,#52660F,#4DFFE4,31
GABA,12 HY GABA,101 ZI Pax6 Gaba,0462 ZI Pax6 Gaba_4,1747 ZI Pax6 Gaba_4,#FF3358,#FF6600,#73FFCF,#52660F,#1FBFCC,5
GABA,12 HY GABA,101 ZI Pax6 Gaba,0462 ZI Pax6 Gaba_4,1748 ZI Pax6 Gaba_4,#FF3358,#FF6600,#73FFCF,#52660F,#994E00,3
GABA,12 HY GABA,101 ZI Pax6 Gaba,0463 ZI Pax6 Gaba_5,1749 ZI Pax6 Gaba_5,#FF3358,#FF6600,#73FFCF,#73FF9B,#431F66,72
GABA,12 HY GABA,101 ZI Pax6 Gaba,0463 ZI Pax6 Gaba_5,1750 ZI Pax6 Gaba_5,#FF3358,#FF6600,#73FFCF,#73FF9B,#004666,52
GABA,12 HY GABA,101 ZI Pax6 Gaba,0463 ZI Pax6 Gaba_5,1751 ZI Pax6 Gaba_5,#FF3358,#FF6600,#73FFCF,#73FF9B,#CC5C92,40
GABA,12 HY GABA,101 ZI Pax6 Gaba,0464 ZI Pax6 Gaba_6,1752 ZI Pax6 Gaba_6,#FF3358,#FF6600,#73FFCF,#00FF1D,#997417,25
GABA,12 HY GABA,101 ZI Pax6 Gaba,0464 ZI Pax6 Gaba_6,1753 ZI Pax6 Gaba_6,#FF3358,#FF6600,#73FFCF,#00FF1D,#3D69CC,46
GABA,12 HY GABA,101 ZI Pax6 Gaba,0464 ZI Pax6 Gaba_6,1754 ZI Pax6 Gaba_6,#FF3358,#FF6600,#73FFCF,#00FF1D,#CC0065,16
GABA,12 HY GABA,101 ZI Pax6 Gaba,0464 ZI Pax6 Gaba_6,1755 ZI Pax6 Gaba_6,#FF3358,#FF6600,#73FFCF,#00FF1D,#046600,4
GABA,12 HY GABA,101 ZI Pax6 Gaba,0464 ZI Pax6 Gaba_6,1756 ZI Pax6 Gaba_6,#FF3358,#FF6600,#73FFCF,#00FF1D,#322E99,10
GABA,12 HY GABA,101 ZI Pax6 Gaba,0464 ZI Pax6 Gaba_6,1757 ZI Pax6 Gaba_6,#FF3358,#FF6600,#73FFCF,#00FF1D,#7AB6CC,6
GABA,12 HY GABA,101 ZI Pax6 Gaba,0465 ZI Pax6 Gaba_7,1758 ZI Pax6 Gaba_7,#FF3358,#FF6600,#73FFCF,#453DCC,#73FFC5,67
GABA,12 HY GABA,101 ZI Pax6 Gaba,0465 ZI Pax6 Gaba_7,1759 ZI Pax6 Gaba_7,#FF3358,#FF6600,#73FFCF,#453DCC,#E873FF,40
GABA,12 HY GABA,101 ZI Pax6 Gaba,0465 ZI Pax6 Gaba_7,1760 ZI Pax6 Gaba_7,#FF3358,#FF6600,#73FFCF,#453DCC,#0E9900,57
GABA,12 HY GABA,101 ZI Pax6 Gaba,0465 ZI Pax6 Gaba_7,1761 ZI Pax6 Gaba_7,#FF3358,#FF6600,#73FFCF,#453DCC,#7700CC,60
GABA,12 HY GABA,101 ZI Pax6 Gaba,0465 ZI Pax6 Gaba_7,1762 ZI Pax6 Gaba_7,#FF3358,#FF6600,#73FFCF,#453DCC,#994595,65
GABA,12 HY GABA,101 ZI Pax6 Gaba,0465 ZI Pax6 Gaba_7,1763 ZI Pax6 Gaba_7,#FF3358,#FF6600,#73FFCF,#453DCC,#0F5A66,3
GABA,12 HY GABA,101 ZI Pax6 Gaba,0465 ZI Pax6 Gaba_7,1764 ZI Pax6 Gaba_7,#FF3358,#FF6600,#73FFCF,#453DCC,#6B2E99,71
GABA,12 HY GABA,101 ZI Pax6 Gaba,0465 ZI Pax6 Gaba_7,1765 ZI Pax6 Gaba_7,#FF3358,#FF6600,#73FFCF,#453DCC,#006FFF,15
GABA,12 HY GABA,101 ZI Pax6 Gaba,0466 ZI Pax6 Gaba_8,1766 ZI Pax6 Gaba_8,#FF3358,#FF6600,#73FFCF,#299917,#660F2B,231
GABA,12 HY GABA,101 ZI Pax6 Gaba,0466 ZI Pax6 Gaba_8,1767 ZI Pax6 Gaba_8,#FF3358,#FF6600,#73FFCF,#299917,#459999,20
GABA,12 HY GABA,101 ZI Pax6 Gaba,0466 ZI Pax6 Gaba_8,1768 ZI Pax6 Gaba_8,#FF3358,#FF6600,#73FFCF,#299917,#927ACC,30
GABA,12 HY GABA,101 ZI Pax6 Gaba,0466 ZI Pax6 Gaba_8,1769 ZI Pax6 Gaba_8,#FF3358,#FF6600,#73FFCF,#299917,#FF268D,64
GABA,12 HY GABA,101 ZI Pax6 Gaba,0466 ZI Pax6 Gaba_8,1770 ZI Pax6 Gaba_8,#FF3358,#FF6600,#73FFCF,#299917,#CC5E00,22
GABA,12 HY GABA,101 ZI Pax6 Gaba,0466 ZI Pax6 Gaba_8,1771 ZI Pax6 Gaba_8,#FF3358,#FF6600,#73FFCF,#299917,#7A98CC,17
GABA,12 HY GABA,101 ZI Pax6 Gaba,0466 ZI Pax6 Gaba_8,1772 ZI Pax6 Gaba_8,#FF3358,#FF6600,#73FFCF,#299917,#F14DFF,27
GABA,12 HY GABA,101 ZI Pax6 Gaba,0466 ZI Pax6 Gaba_8,1773 ZI Pax6 Gaba_8,#FF3358,#FF6600,#73FFCF,#299917,#FFD799,11
GABA,12 HY GABA,101 ZI Pax6 Gaba,0466 ZI Pax6 Gaba_8,1774 ZI Pax6 Gaba_8,#FF3358,#FF6600,#73FFCF,#299917,#28660F,39
GABA,12 HY GABA,101 ZI Pax6 Gaba,0467 ZI Pax6 Gaba_9,1775 ZI Pax6 Gaba_9,#FF3358,#FF6600,#73FFCF,#99457F,#175C99,50
GABA,12 HY GABA,101 ZI Pax6 Gaba,0467 ZI Pax6 Gaba_9,1776 ZI Pax6 Gaba_9,#FF3358,#FF6600,#73FFCF,#99457F,#661B00,8
GABA,12 HY GABA,101 ZI Pax6 Gaba,0467 ZI Pax6 Gaba_9,1777 ZI Pax6 Gaba_9,#FF3358,#FF6600,#73FFCF,#99457F,#B55CCC,103
GABA,12 HY GABA,101 ZI Pax6 Gaba,0467 ZI Pax6 Gaba_9,1778 ZI Pax6 Gaba_9,#FF3358,#FF6600,#73FFCF,#99457F,#3DCC5E,11
GABA,12 HY GABA,101 ZI Pax6 Gaba,0468 ZI Pax6 Gaba_10,1779 ZI Pax6 Gaba_10,#FF3358,#FF6600,#73FFCF,#4A1FCC,#FF73B4,1
GABA,12 HY GABA,101 ZI Pax6 Gaba,0468 ZI Pax6 Gaba_10,1781 ZI Pax6 Gaba_10,#FF3358,#FF6600,#73FFCF,#4A1FCC,#73FFE4,25
GABA,12 HY GABA,101 ZI Pax6 Gaba,0469 ZI Pax6 Gaba_11,1782 ZI Pax6 Gaba_11,#FF3358,#FF6600,#73FFCF,#FFAF99,#50CC3D,8
GABA,12 HY GABA,101 ZI Pax6 Gaba,0469 ZI Pax6 Gaba_11,1783 ZI Pax6 Gaba_11,#FF3358,#FF6600,#73FFCF,#FFAF99,#A599FF,24
GABA,12 HY GABA,101 ZI Pax6 Gaba,0469 ZI Pax6 Gaba_11,1784 ZI Pax6 Gaba_11,#FF3358,#FF6600,#73FFCF,#FFAF99,#4D6DFF,40
GABA,12 HY GABA,101 ZI Pax6 Gaba,0469 ZI Pax6 Gaba_11,1785 ZI Pax6 Gaba_11,#FF3358,#FF6600,#73FFCF,#FFAF99,#4ACC1F,14
GABA,12 HY GABA,101 ZI Pax6 Gaba,0469 ZI Pax6 Gaba_11,1786 ZI Pax6 Gaba_11,#FF3358,#FF6600,#73FFCF,#FFAF99,#2E3B66,28
GABA,12 HY GABA,102 DMH-LHA Gsx1 Gaba,0471 DMH-LHA Gsx1 Gaba_2,1795 DMH-LHA Gsx1 Gaba_2,#FF3358,#FF6600,#992A00,#0F662C,#179975,4
GABA,12 HY GABA,102 DMH-LHA Gsx1 Gaba,0471 DMH-LHA Gsx1 Gaba_2,1796 DMH-LHA Gsx1 Gaba_2,#FF3358,#FF6600,#992A00,#0F662C,#26FF64,2
GABA,12 HY GABA,102 DMH-LHA Gsx1 Gaba,0471 DMH-LHA Gsx1 Gaba_2,1797 DMH-LHA Gsx1 Gaba_2,#FF3358,#FF6600,#992A00,#0F662C,#226600,4
GABA,12 HY GABA,102 DMH-LHA Gsx1 Gaba,0471 DMH-LHA Gsx1 Gaba_2,1799 DMH-LHA Gsx1 Gaba_2,#FF3358,#FF6600,#992A00,#0F662C,#FFF799,1
GABA,12 HY GABA,102 DMH-LHA Gsx1 Gaba,0471 DMH-LHA Gsx1 Gaba_2,1800 DMH-LHA Gsx1 Gaba_2,#FF3358,#FF6600,#992A00,#0F662C,#5A2E66,6
GABA,12 HY GABA,102 DMH-LHA Gsx1 Gaba,0471 DMH-LHA Gsx1 Gaba_2,1805 DMH-LHA Gsx1 Gaba_2,#FF3358,#FF6600,#992A00,#0F662C,#1FCCA3,3
GABA,12 HY GABA,102 DMH-LHA Gsx1 Gaba,0471 DMH-LHA Gsx1 Gaba_2,1807 DMH-LHA Gsx1 Gaba_2,#FF3358,#FF6600,#992A00,#0F662C,#0F663B,3
GABA,12 HY GABA,102 DMH-LHA Gsx1 Gaba,0471 DMH-LHA Gsx1 Gaba_2,1808 DMH-LHA Gsx1 Gaba_2,#FF3358,#FF6600,#992A00,#0F662C,#D5FF73,4
GABA,12 HY GABA,102 DMH-LHA Gsx1 Gaba,0471 DMH-LHA Gsx1 Gaba_2,1809 DMH-LHA Gsx1 Gaba_2,#FF3358,#FF6600,#992A00,#0F662C,#5D1FCC,2
Chol,12 HY GABA,102 DMH-LHA Gsx1 Gaba,0472 DMH-LHA Gsx1 Gaba_3,1810 DMH-LHA Gsx1 Gaba_3,#73E785,#FF6600,#992A00,#483D66,#990082,1
GABA,12 HY GABA,102 DMH-LHA Gsx1 Gaba,0473 DMH-LHA Gsx1 Gaba_4,1813 DMH-LHA Gsx1 Gaba_4,#FF3358,#FF6600,#992A00,#466600,#54CC3D,3
GABA,12 HY GABA,103 PVHd-DMH Lhx6 Gaba,0474 PVHd-DMH Lhx6 Gaba_1,1814 PVHd-DMH Lhx6 Gaba_1,#FF3358,#FF6600,#73F8FF,#73E7FF,#FF6300,7
GABA,12 HY GABA,103 PVHd-DMH Lhx6 Gaba,0474 PVHd-DMH Lhx6 Gaba_1,1816 PVHd-DMH Lhx6 Gaba_1,#FF3358,#FF6600,#73F8FF,#73E7FF,#65992E,7
GABA,12 HY GABA,103 PVHd-DMH Lhx6 Gaba,0474 PVHd-DMH Lhx6 Gaba_1,1818 PVHd-DMH Lhx6 Gaba_1,#FF3358,#FF6600,#73F8FF,#73E7FF,#3DCC67,13
GABA,12 HY GABA,103 PVHd-DMH Lhx6 Gaba,0474 PVHd-DMH Lhx6 Gaba_1,1820 PVHd-DMH Lhx6 Gaba_1,#FF3358,#FF6600,#73F8FF,#73E7FF,#FF26AA,26
GABA,12 HY GABA,103 PVHd-DMH Lhx6 Gaba,0475 PVHd-DMH Lhx6 Gaba_2,1822 PVHd-DMH Lhx6 Gaba_2,#FF3358,#FF6600,#73F8FF,#859945,#1FCC9F,1
GABA,12 HY GABA,103 PVHd-DMH Lhx6 Gaba,0475 PVHd-DMH Lhx6 Gaba_2,1824 PVHd-DMH Lhx6 Gaba_2,#FF3358,#FF6600,#73F8FF,#859945,#3C660F,1
GABA,12 HY GABA,103 PVHd-DMH Lhx6 Gaba,0475 PVHd-DMH Lhx6 Gaba_2,1828 PVHd-DMH Lhx6 Gaba_2,#FF3358,#FF6600,#73F8FF,#859945,#CC7A98,3
GABA,12 HY GABA,103 PVHd-DMH Lhx6 Gaba,0475 PVHd-DMH Lhx6 Gaba_2,1829 PVHd-DMH Lhx6 Gaba_2,#FF3358,#FF6600,#73F8FF,#859945,#0F5C66,18
GABA,12 HY GABA,103 PVHd-DMH Lhx6 Gaba,0476 PVHd-DMH Lhx6 Gaba_3,1830 PVHd-DMH Lhx6 Gaba_3,#FF3358,#FF6600,#73F8FF,#FF5A00,#006A99,35
GABA,12 HY GABA,103 PVHd-DMH Lhx6 Gaba,0476 PVHd-DMH Lhx6 Gaba_3,1831 PVHd-DMH Lhx6 Gaba_3,#FF3358,#FF6600,#73F8FF,#FF5A00,#5C6ACC,30
GABA,12 HY GABA,103 PVHd-DMH Lhx6 Gaba,0476 PVHd-DMH Lhx6 Gaba_3,1832 PVHd-DMH Lhx6 Gaba_3,#FF3358,#FF6600,#73F8FF,#FF5A00,#26FF95,20
GABA,12 HY GABA,103 PVHd-DMH Lhx6 Gaba,0476 PVHd-DMH Lhx6 Gaba_3,1833 PVHd-DMH Lhx6 Gaba_3,#FF3358,#FF6600,#73F8FF,#FF5A00,#2F2E99,22
GABA,12 HY GABA,103 PVHd-DMH Lhx6 Gaba,0477 PVHd-DMH Lhx6 Gaba_4,1834 PVHd-DMH Lhx6 Gaba_4,#FF3358,#FF6600,#73F8FF,#5726FF,#FF99D3,1
GABA,12 HY GABA,104 TU-ARH Otp Six6 Gaba,0478 TU-ARH Otp Six6 Gaba_1,1841 TU-ARH Otp Six6 Gaba_1,#FF3358,#FF6600,#2E0F66,#7B9945,#99F9FF,1
GABA,12 HY GABA,104 TU-ARH Otp Six6 Gaba,0479 TU-ARH Otp Six6 Gaba_2,1848 TU-ARH Otp Six6 Gaba_2,#FF3358,#FF6600,#2E0F66,#CC2100,#9C99FF,1
GABA,12 HY GABA,106 PVpo-VMPO-MPN Hmx2 Gaba,0482 PVpo-VMPO-MPN Hmx2 Gaba_1,1882 PVpo-VMPO-MPN Hmx2 Gaba_1,#FF3358,#FF6600,#3D4566,#DB4DFF,#00A9FF,1
GABA,12 HY GABA,106 PVpo-VMPO-MPN Hmx2 Gaba,0483 PVpo-VMPO-MPN Hmx2 Gaba_2,1893 PVpo-VMPO-MPN Hmx2 Gaba_2,#FF3358,#FF6600,#3D4566,#3DCCA6,#009971,3
GABA,12 HY GABA,106 PVpo-VMPO-MPN Hmx2 Gaba,0483 PVpo-VMPO-MPN Hmx2 Gaba_2,1903 PVpo-VMPO-MPN Hmx2 Gaba_2,#FF3358,#FF6600,#3D4566,#3DCCA6,#C54DFF,4
GABA,12 HY GABA,107 DMH Hmx2 Gaba,0487 DMH Hmx2 Gaba_1,1922 DMH Hmx2 Gaba_1,#FF3358,#FF6600,#FFB473,#2E8F99,#6D1FCC,1
GABA,12 HY GABA,107 DMH Hmx2 Gaba,0487 DMH Hmx2 Gaba_1,1924 DMH Hmx2 Gaba_1,#FF3358,#FF6600,#FFB473,#2E8F99,#99004E,1
GABA,12 HY GABA,107 DMH Hmx2 Gaba,0488 DMH Hmx2 Gaba_2,1929 DMH Hmx2 Gaba_2,#FF3358,#FF6600,#FFB473,#994550,#76995C,2
GABA,12 HY GABA,107 DMH Hmx2 Gaba,0488 DMH Hmx2 Gaba_2,1930 DMH Hmx2 Gaba_2,#FF3358,#FF6600,#FFB473,#994550,#E426FF,3
GABA,12 HY GABA,107 DMH Hmx2 Gaba,0491 DMH Hmx2 Gaba_5,1952 DMH Hmx2 Gaba_5,#FF3358,#FF6600,#FFB473,#4DFFF2,#70CC00,7
GABA,12 HY GABA,107 DMH Hmx2 Gaba,0491 DMH Hmx2 Gaba_5,1953 DMH Hmx2 Gaba_5,#FF3358,#FF6600,#FFB473,#4DFFF2,#7ABDCC,8
GABA,12 HY GABA,107 DMH Hmx2 Gaba,0491 DMH Hmx2 Gaba_5,1956 DMH Hmx2 Gaba_5,#FF3358,#FF6600,#FFB473,#4DFFF2,#9C00CC,3
GABA,12 HY GABA,107 DMH Hmx2 Gaba,0491 DMH Hmx2 Gaba_5,1957 DMH Hmx2 Gaba_5,#FF3358,#FF6600,#FFB473,#4DFFF2,#26B0FF,1
GABA,12 HY GABA,108 ARH-PVp Tbx3 Gaba,0493 ARH-PVp Tbx3 Gaba_1,1961 ARH-PVp Tbx3 Gaba_1,#FF3358,#FF6600,#CC3D76,#FFA499,#A67ACC,1
GABA,12 HY GABA,109 LGv-ZI Otx2 Gaba,0496 LGv-ZI Otx2 Gaba_1,1972 LGv-ZI Otx2 Gaba_1,#FF3358,#FF6600,#664DFF,#AF7ACC,#995A17,8
GABA,12 HY GABA,109 LGv-ZI Otx2 Gaba,0496 LGv-ZI Otx2 Gaba_1,1973 LGv-ZI Otx2 Gaba_1,#FF3358,#FF6600,#664DFF,#AF7ACC,#CC99FF,11
GABA,12 HY GABA,109 LGv-ZI Otx2 Gaba,0496 LGv-ZI Otx2 Gaba_1,1974 LGv-ZI Otx2 Gaba_1,#FF3358,#FF6600,#664DFF,#AF7ACC,#CC973D,21
GABA,12 HY GABA,109 LGv-ZI Otx2 Gaba,0496 LGv-ZI Otx2 Gaba_1,1975 LGv-ZI Otx2 Gaba_1,#FF3358,#FF6600,#664DFF,#AF7ACC,#FFD326,6
GABA,12 HY GABA,109 LGv-ZI Otx2 Gaba,0496 LGv-ZI Otx2 Gaba_1,1976 LGv-ZI Otx2 Gaba_1,#FF3358,#FF6600,#664DFF,#AF7ACC,#3D0066,7
GABA,12 HY GABA,109 LGv-ZI Otx2 Gaba,0497 LGv-ZI Otx2 Gaba_2,1977 LGv-ZI Otx2 Gaba_2,#FF3358,#FF6600,#664DFF,#66453D,#665E1F,9
GABA,12 HY GABA,109 LGv-ZI Otx2 Gaba,0497 LGv-ZI Otx2 Gaba_2,1978 LGv-ZI Otx2 Gaba_2,#FF3358,#FF6600,#664DFF,#66453D,#3DCC9B,452
GABA,12 HY GABA,109 LGv-ZI Otx2 Gaba,0498 LGv-ZI Otx2 Gaba_3,1979 LGv-ZI Otx2 Gaba_3,#FF3358,#FF6600,#664DFF,#997F45,#4326FF,24
GABA,12 HY GABA,109 LGv-ZI Otx2 Gaba,0499 LGv-ZI Otx2 Gaba_4,1980 LGv-ZI Otx2 Gaba_4,#FF3358,#FF6600,#664DFF,#5C9199,#994554,36
GABA,12 HY GABA,109 LGv-ZI Otx2 Gaba,0499 LGv-ZI Otx2 Gaba_4,1981 LGv-ZI Otx2 Gaba_4,#FF3358,#FF6600,#664DFF,#5C9199,#73FFD8,13
GABA,12 HY GABA,109 LGv-ZI Otx2 Gaba,0499 LGv-ZI Otx2 Gaba_4,1982 LGv-ZI Otx2 Gaba_4,#FF3358,#FF6600,#664DFF,#5C9199,#7B1799,13
GABA,12 HY GABA,109 LGv-ZI Otx2 Gaba,0499 LGv-ZI Otx2 Gaba_4,1983 LGv-ZI Otx2 Gaba_4,#FF3358,#FF6600,#664DFF,#5C9199,#99003A,13
GABA,12 HY GABA,109 LGv-ZI Otx2 Gaba,0500 LGv-ZI Otx2 Gaba_5,1984 LGv-ZI Otx2 Gaba_5,#FF3358,#FF6600,#664DFF,#5C6299,#99007E,167
GABA,12 HY GABA,109 LGv-ZI Otx2 Gaba,0500 LGv-ZI Otx2 Gaba_5,1985 LGv-ZI Otx2 Gaba_5,#FF3358,#FF6600,#664DFF,#5C6299,#5CCCA8,12
GABA,12 HY GABA,109 LGv-ZI Otx2 Gaba,0500 LGv-ZI Otx2 Gaba_5,1986 LGv-ZI Otx2 Gaba_5,#FF3358,#FF6600,#664DFF,#5C6299,#4DADFF,307
GABA,12 HY GABA,109 LGv-ZI Otx2 Gaba,0500 LGv-ZI Otx2 Gaba_5,1987 LGv-ZI Otx2 Gaba_5,#FF3358,#FF6600,#664DFF,#5C6299,#FF8B4D,17
GABA,12 HY GABA,109 LGv-ZI Otx2 Gaba,0500 LGv-ZI Otx2 Gaba_5,1988 LGv-ZI Otx2 Gaba_5,#FF3358,#FF6600,#664DFF,#5C6299,#0F665E,26
Chol,17 MH-LH Glut,145 MH Tac2 Glut,0632 MH Tac2 Glut_1,2578 MH Tac2 Glut_1,#73E785,#FAA307,#3D8ACC,#701FCC,#5C6799,237
Chol,17 MH-LH Glut,145 MH Tac2 Glut,0632 MH Tac2 Glut_1,2579 MH Tac2 Glut_1,#73E785,#FAA307,#3D8ACC,#701FCC,#42663D,468
Chol,17 MH-LH Glut,145 MH Tac2 Glut,0632 MH Tac2 Glut_1,2580 MH Tac2 Glut_1,#73E785,#FAA307,#3D8ACC,#701FCC,#66210F,481
Chol,17 MH-LH Glut,145 MH Tac2 Glut,0632 MH Tac2 Glut_1,2581 MH Tac2 Glut_1,#73E785,#FAA307,#3D8ACC,#701FCC,#4DFF64,188
Glut,17 MH-LH Glut,145 MH Tac2 Glut,0633 MH Tac2 Glut_2,2582 MH Tac2 Glut_2,#2B93DF,#FAA307,#3D8ACC,#661F30,#00FF2A,218
Glut,17 MH-LH Glut,145 MH Tac2 Glut,0633 MH Tac2 Glut_2,2583 MH Tac2 Glut_2,#2B93DF,#FAA307,#3D8ACC,#661F30,#0F2D66,117
Glut,17 MH-LH Glut,145 MH Tac2 Glut,0633 MH Tac2 Glut_2,2584 MH Tac2 Glut_2,#2B93DF,#FAA307,#3D8ACC,#661F30,#629945,119
Glut,17 MH-LH Glut,145 MH Tac2 Glut,0633 MH Tac2 Glut_2,2585 MH Tac2 Glut_2,#2B93DF,#FAA307,#3D8ACC,#661F30,#2E8899,357
Glut,17 MH-LH Glut,145 MH Tac2 Glut,0633 MH Tac2 Glut_2,2586 MH Tac2 Glut_2,#2B93DF,#FAA307,#3D8ACC,#661F30,#2E3D66,760
Chol,17 MH-LH Glut,145 MH Tac2 Glut,0634 MH Tac2 Glut_3,2587 MH Tac2 Glut_3,#73E785,#FAA307,#3D8ACC,#1700FF,#CC1F97,164
Chol,17 MH-LH Glut,145 MH Tac2 Glut,0634 MH Tac2 Glut_3,2588 MH Tac2 Glut_3,#73E785,#FAA307,#3D8ACC,#1700FF,#406600,124
Chol,17 MH-LH Glut,145 MH Tac2 Glut,0634 MH Tac2 Glut_3,2589 MH Tac2 Glut_3,#73E785,#FAA307,#3D8ACC,#1700FF,#3D5C66,334
Glut,17 MH-LH Glut,145 MH Tac2 Glut,0634 MH Tac2 Glut_3,2590 MH Tac2 Glut_3,#2B93DF,#FAA307,#3D8ACC,#1700FF,#00990D,186
Glut,17 MH-LH Glut,145 MH Tac2 Glut,0634 MH Tac2 Glut_3,2591 MH Tac2 Glut_3,#2B93DF,#FAA307,#3D8ACC,#1700FF,#992E8A,168
Glut,17 MH-LH Glut,145 MH Tac2 Glut,0634 MH Tac2 Glut_3,2592 MH Tac2 Glut_3,#2B93DF,#FAA307,#3D8ACC,#1700FF,#979945,72
Chol,17 MH-LH Glut,145 MH Tac2 Glut,0634 MH Tac2 Glut_3,2593 MH Tac2 Glut_3,#73E785,#FAA307,#3D8ACC,#1700FF,#FFF073,129
Glut,17 MH-LH Glut,145 MH Tac2 Glut,0635 MH Tac2 Glut_4,2594 MH Tac2 Glut_4,#2B93DF,#FAA307,#3D8ACC,#C8FF99,#1FCC2A,11
Glut,17 MH-LH Glut,145 MH Tac2 Glut,0635 MH Tac2 Glut_4,2595 MH Tac2 Glut_4,#2B93DF,#FAA307,#3D8ACC,#C8FF99,#660F18,42
Glut,17 MH-LH Glut,145 MH Tac2 Glut,0636 MH Tac2 Glut_5,2596 MH Tac2 Glut_5,#2B93DF,#FAA307,#3D8ACC,#FF0096,#E926FF,94
Glut,17 MH-LH Glut,145 MH Tac2 Glut,0636 MH Tac2 Glut_5,2597 MH Tac2 Glut_5,#2B93DF,#FAA307,#3D8ACC,#FF0096,#6A1799,101
Glut,17 MH-LH Glut,145 MH Tac2 Glut,0636 MH Tac2 Glut_5,2598 MH Tac2 Glut_5,#2B93DF,#FAA307,#3D8ACC,#FF0096,#C0CC5C,83
Glut,17 MH-LH Glut,146 LH Pou4f1 Sox1 Glut,0637 LH Pou4f1 Sox1 Glut_1,2599 LH Pou4f1 Sox1 Glut_1,#2B93DF,#FAA307,#CC7A9D,#CC7AA1,#9700CC,140
Glut,17 MH-LH Glut,146 LH Pou4f1 Sox1 Glut,0637 LH Pou4f1 Sox1 Glut_1,2600 LH Pou4f1 Sox1 Glut_1,#2B93DF,#FAA307,#CC7A9D,#CC7AA1,#1F5B66,47
Glut,17 MH-LH Glut,146 LH Pou4f1 Sox1 Glut,0638 LH Pou4f1 Sox1 Glut_2,2601 LH Pou4f1 Sox1 Glut_2,#2B93DF,#FAA307,#CC7A9D,#5C9980,#42662E,93
Glut,17 MH-LH Glut,146 LH Pou4f1 Sox1 Glut,0638 LH Pou4f1 Sox1 Glut_2,2602 LH Pou4f1 Sox1 Glut_2,#2B93DF,#FAA307,#CC7A9D,#5C9980,#E4FF73,30
Glut,17 MH-LH Glut,146 LH Pou4f1 Sox1 Glut,0638 LH Pou4f1 Sox1 Glut_2,2603 LH Pou4f1 Sox1 Glut_2,#2B93DF,#FAA307,#CC7A9D,#5C9980,#2E6799,24
Glut,17 MH-LH Glut,146 LH Pou4f1 Sox1 Glut,0638 LH Pou4f1 Sox1 Glut_2,2604 LH Pou4f1 Sox1 Glut_2,#2B93DF,#FAA307,#CC7A9D,#5C9980,#B2FF73,47
Glut,17 MH-LH Glut,146 LH Pou4f1 Sox1 Glut,0638 LH Pou4f1 Sox1 Glut_2,2605 LH Pou4f1 Sox1 Glut_2,#2B93DF,#FAA307,#CC7A9D,#5C9980,#99F4FF,40
Glut,17 MH-LH Glut,146 LH Pou4f1 Sox1 Glut,0639 LH Pou4f1 Sox1 Glut_3,2606 LH Pou4f1 Sox1 Glut_3,#2B93DF,#FAA307,#CC7A9D,#003E99,#CCBC5C,54
Glut,17 MH-LH Glut,146 LH Pou4f1 Sox1 Glut,0639 LH Pou4f1 Sox1 Glut_3,2607 LH Pou4f1 Sox1 Glut_3,#2B93DF,#FAA307,#CC7A9D,#003E99,#A2FF73,27
Glut,17 MH-LH Glut,146 LH Pou4f1 Sox1 Glut,0639 LH Pou4f1 Sox1 Glut_3,2608 LH Pou4f1 Sox1 Glut_3,#2B93DF,#FAA307,#CC7A9D,#003E99,#2E664C,246
Glut,17 MH-LH Glut,146 LH Pou4f1 Sox1 Glut,0640 LH Pou4f1 Sox1 Glut_4,2609 LH Pou4f1 Sox1 Glut_4,#2B93DF,#FAA307,#CC7A9D,#007099,#FF99D8,82
Glut,17 MH-LH Glut,146 LH Pou4f1 Sox1 Glut,0640 LH Pou4f1 Sox1 Glut_4,2610 LH Pou4f1 Sox1 Glut_4,#2B93DF,#FAA307,#CC7A9D,#007099,#5CCCA3,28
Glut,17 MH-LH Glut,146 LH Pou4f1 Sox1 Glut,0640 LH Pou4f1 Sox1 Glut_4,2611 LH Pou4f1 Sox1 Glut_4,#2B93DF,#FAA307,#CC7A9D,#007099,#1C660F,20
Glut,17 MH-LH Glut,146 LH Pou4f1 Sox1 Glut,0640 LH Pou4f1 Sox1 Glut_4,2612 LH Pou4f1 Sox1 Glut_4,#2B93DF,#FAA307,#CC7A9D,#007099,#3200CC,94
Glut,18 TH Glut,147 AD Serpinb7 Glut,0641 AD Serpinb7 Glut_1,2613 AD Serpinb7 Glut_1,#2B93DF,#0D47A1,#FF7383,#3D4066,#CC6D3D,369
Glut,18 TH Glut,147 AD Serpinb7 Glut,0641 AD Serpinb7 Glut_1,2614 AD Serpinb7 Glut_1,#2B93DF,#0D47A1,#FF7383,#3D4066,#993117,677
Glut,18 TH Glut,148 AV Col27a1 Glut,0642 AV Col27a1 Glut_1,2615 AV Col27a1 Glut_1,#2B93DF,#0D47A1,#16f2f2,#990C00,#662200,819
Glut,18 TH Glut,148 AV Col27a1 Glut,0642 AV Col27a1 Glut_1,2616 AV Col27a1 Glut_1,#2B93DF,#0D47A1,#16f2f2,#990C00,#2E4366,866
Glut,18 TH Glut,149 PVT-PT Ntrk1 Glut,0643 PVT-PT Ntrk1 Glut_1,2617 PVT-PT Ntrk1 Glut_1,#2B93DF,#0D47A1,#5C8599,#FF26B9,#0F6666,53
Glut,18 TH Glut,149 PVT-PT Ntrk1 Glut,0643 PVT-PT Ntrk1 Glut_1,2618 PVT-PT Ntrk1 Glut_1,#2B93DF,#0D47A1,#5C8599,#FF26B9,#459799,39
Glut,18 TH Glut,149 PVT-PT Ntrk1 Glut,0643 PVT-PT Ntrk1 Glut_1,2619 PVT-PT Ntrk1 Glut_1,#2B93DF,#0D47A1,#5C8599,#FF26B9,#661F5F,142
Glut,18 TH Glut,149 PVT-PT Ntrk1 Glut,0644 PVT-PT Ntrk1 Glut_2,2620 PVT-PT Ntrk1 Glut_2,#2B93DF,#0D47A1,#5C8599,#FFEB73,#CCC47A,109
Glut,18 TH Glut,149 PVT-PT Ntrk1 Glut,0644 PVT-PT Ntrk1 Glut_2,2621 PVT-PT Ntrk1 Glut_2,#2B93DF,#0D47A1,#5C8599,#FFEB73,#3D86CC,808
Glut,18 TH Glut,149 PVT-PT Ntrk1 Glut,0644 PVT-PT Ntrk1 Glut_2,2622 PVT-PT Ntrk1 Glut_2,#2B93DF,#0D47A1,#5C8599,#FFEB73,#9DFF26,144
Glut,18 TH Glut,149 PVT-PT Ntrk1 Glut,0644 PVT-PT Ntrk1 Glut_2,2623 PVT-PT Ntrk1 Glut_2,#2B93DF,#0D47A1,#5C8599,#FFEB73,#97995C,155
Glut,18 TH Glut,149 PVT-PT Ntrk1 Glut,0645 PVT-PT Ntrk1 Glut_3,2624 PVT-PT Ntrk1 Glut_3,#2B93DF,#0D47A1,#5C8599,#1F8CCC,#F6FF4D,522
Glut,18 TH Glut,149 PVT-PT Ntrk1 Glut,0645 PVT-PT Ntrk1 Glut_3,2625 PVT-PT Ntrk1 Glut_3,#2B93DF,#0D47A1,#5C8599,#1F8CCC,#459979,303
Glut,18 TH Glut,149 PVT-PT Ntrk1 Glut,0645 PVT-PT Ntrk1 Glut_3,2626 PVT-PT Ntrk1 Glut_3,#2B93DF,#0D47A1,#5C8599,#1F8CCC,#26FF42,292
Glut,18 TH Glut,149 PVT-PT Ntrk1 Glut,0646 PVT-PT Ntrk1 Glut_4,2627 PVT-PT Ntrk1 Glut_4,#2B93DF,#0D47A1,#5C8599,#FFBA4D,#26ABFF,113
Glut,18 TH Glut,149 PVT-PT Ntrk1 Glut,0646 PVT-PT Ntrk1 Glut_4,2628 PVT-PT Ntrk1 Glut_4,#2B93DF,#0D47A1,#5C8599,#FFBA4D,#7AA9CC,139
Glut,18 TH Glut,149 PVT-PT Ntrk1 Glut,0646 PVT-PT Ntrk1 Glut_4,2629 PVT-PT Ntrk1 Glut_4,#2B93DF,#0D47A1,#5C8599,#FFBA4D,#63660F,401
Glut,18 TH Glut,149 PVT-PT Ntrk1 Glut,0647 PVT-PT Ntrk1 Glut_5,2630 PVT-PT Ntrk1 Glut_5,#2B93DF,#0D47A1,#5C8599,#5C9900,#2E6653,166
Glut,18 TH Glut,149 PVT-PT Ntrk1 Glut,0647 PVT-PT Ntrk1 Glut_5,2631 PVT-PT Ntrk1 Glut_5,#2B93DF,#0D47A1,#5C8599,#5C9900,#2E9936,355
Glut,18 TH Glut,149 PVT-PT Ntrk1 Glut,0648 PVT-PT Ntrk1 Glut_6,2632 PVT-PT Ntrk1 Glut_6,#2B93DF,#0D47A1,#5C8599,#995A45,#0041CC,297
Glut,18 TH Glut,150 CM-IAD-CL-PCN Sema5b Glut,0649 CM-IAD-CL-PCN Sema5b Glut_1,2633 CM-IAD-CL-PCN Sema5b Glut_1,#2B93DF,#0D47A1,#076600,#FF99C1,#C53DCC,283
Glut,18 TH Glut,150 CM-IAD-CL-PCN Sema5b Glut,0649 CM-IAD-CL-PCN Sema5b Glut_1,2634 CM-IAD-CL-PCN Sema5b Glut_1,#2B93DF,#0D47A1,#076600,#FF99C1,#FF2661,170
Glut,18 TH Glut,150 CM-IAD-CL-PCN Sema5b Glut,0649 CM-IAD-CL-PCN Sema5b Glut_1,2635 CM-IAD-CL-PCN Sema5b Glut_1,#2B93DF,#0D47A1,#076600,#FF99C1,#925CCC,606
Glut,18 TH Glut,150 CM-IAD-CL-PCN Sema5b Glut,0649 CM-IAD-CL-PCN Sema5b Glut_1,2636 CM-IAD-CL-PCN Sema5b Glut_1,#2B93DF,#0D47A1,#076600,#FF99C1,#CC0037,268
Glut,18 TH Glut,150 CM-IAD-CL-PCN Sema5b Glut,0650 CM-IAD-CL-PCN Sema5b Glut_2,2637 CM-IAD-CL-PCN Sema5b Glut_2,#2B93DF,#0D47A1,#076600,#2E663D,#CC7D7A,162
Glut,18 TH Glut,150 CM-IAD-CL-PCN Sema5b Glut,0650 CM-IAD-CL-PCN Sema5b Glut_2,2638 CM-IAD-CL-PCN Sema5b Glut_2,#2B93DF,#0D47A1,#076600,#2E663D,#909945,418
Glut,18 TH Glut,150 CM-IAD-CL-PCN Sema5b Glut,0650 CM-IAD-CL-PCN Sema5b Glut_2,2639 CM-IAD-CL-PCN Sema5b Glut_2,#2B93DF,#0D47A1,#076600,#2E663D,#5CCCBA,181
Glut,18 TH Glut,150 CM-IAD-CL-PCN Sema5b Glut,0651 CM-IAD-CL-PCN Sema5b Glut_3,2640 CM-IAD-CL-PCN Sema5b Glut_3,#2B93DF,#0D47A1,#076600,#7ACCB1,#006623,219
Glut,18 TH Glut,150 CM-IAD-CL-PCN Sema5b Glut,0651 CM-IAD-CL-PCN Sema5b Glut_3,2641 CM-IAD-CL-PCN Sema5b Glut_3,#2B93DF,#0D47A1,#076600,#7ACCB1,#997ACC,70
Glut,18 TH Glut,150 CM-IAD-CL-PCN Sema5b Glut,0651 CM-IAD-CL-PCN Sema5b Glut_3,2642 CM-IAD-CL-PCN Sema5b Glut_3,#2B93DF,#0D47A1,#076600,#7ACCB1,#96FF4D,130
Glut,18 TH Glut,150 CM-IAD-CL-PCN Sema5b Glut,0652 CM-IAD-CL-PCN Sema5b Glut_4,2643 CM-IAD-CL-PCN Sema5b Glut_4,#2B93DF,#0D47A1,#076600,#CC7D7A,#660F25,367
Glut,18 TH Glut,150 CM-IAD-CL-PCN Sema5b Glut,0652 CM-IAD-CL-PCN Sema5b Glut_4,2644 CM-IAD-CL-PCN Sema5b Glut_4,#2B93DF,#0D47A1,#076600,#CC7D7A,#7ACC7D,296
Glut,18 TH Glut,150 CM-IAD-CL-PCN Sema5b Glut,0652 CM-IAD-CL-PCN Sema5b Glut_4,2645 CM-IAD-CL-PCN Sema5b Glut_4,#2B93DF,#0D47A1,#076600,#CC7D7A,#66540F,195
Glut,18 TH Glut,150 CM-IAD-CL-PCN Sema5b Glut,0653 CM-IAD-CL-PCN Sema5b Glut_5,2646 CM-IAD-CL-PCN Sema5b Glut_5,#2B93DF,#0D47A1,#076600,#CC0A00,#3D5466,110
Glut,18 TH Glut,150 CM-IAD-CL-PCN Sema5b Glut,0653 CM-IAD-CL-PCN Sema5b Glut_5,2647 CM-IAD-CL-PCN Sema5b Glut_5,#2B93DF,#0D47A1,#076600,#CC0A00,#661F30,13
Glut,18 TH Glut,151 TH Prkcd Grin2c Glut,0654 TH Prkcd Grin2c Glut_1,2648 TH Prkcd Grin2c Glut_1,#2B93DF,#0D47A1,#68e497,#00CC33,#1A0066,11055
Glut,18 TH Glut,151 TH Prkcd Grin2c Glut,0654 TH Prkcd Grin2c Glut_1,2649 TH Prkcd Grin2c Glut_1,#2B93DF,#0D47A1,#68e497,#00CC33,#B31FCC,6225
Glut,18 TH Glut,151 TH Prkcd Grin2c Glut,0655 TH Prkcd Grin2c Glut_2,2650 TH Prkcd Grin2c Glut_2,#2B93DF,#0D47A1,#68e497,#0F6652,#FFB599,1764
Glut,18 TH Glut,151 TH Prkcd Grin2c Glut,0656 TH Prkcd Grin2c Glut_3,2651 TH Prkcd Grin2c Glut_3,#2B93DF,#0D47A1,#68e497,#A67ACC,#2E6366,692
Glut,18 TH Glut,151 TH Prkcd Grin2c Glut,0656 TH Prkcd Grin2c Glut_3,2652 TH Prkcd Grin2c Glut_3,#2B93DF,#0D47A1,#68e497,#A67ACC,#7ACCB1,265
Glut,18 TH Glut,151 TH Prkcd Grin2c Glut,0657 TH Prkcd Grin2c Glut_4,2653 TH Prkcd Grin2c Glut_4,#2B93DF,#0D47A1,#68e497,#CC7ABC,#FFAB99,110
Glut,18 TH Glut,151 TH Prkcd Grin2c Glut,0657 TH Prkcd Grin2c Glut_4,2654 TH Prkcd Grin2c Glut_4,#2B93DF,#0D47A1,#68e497,#CC7ABC,#6DCC5C,295
Glut,18 TH Glut,151 TH Prkcd Grin2c Glut,0658 TH Prkcd Grin2c Glut_5,2655 TH Prkcd Grin2c Glut_5,#2B93DF,#0D47A1,#68e497,#66311F,#ACCC1F,198
Glut,18 TH Glut,151 TH Prkcd Grin2c Glut,0658 TH Prkcd Grin2c Glut_5,2656 TH Prkcd Grin2c Glut_5,#2B93DF,#0D47A1,#68e497,#66311F,#869945,90
Glut,18 TH Glut,151 TH Prkcd Grin2c Glut,0658 TH Prkcd Grin2c Glut_5,2657 TH Prkcd Grin2c Glut_5,#2B93DF,#0D47A1,#68e497,#66311F,#3D0F66,262
Glut,18 TH Glut,151 TH Prkcd Grin2c Glut,0658 TH Prkcd Grin2c Glut_5,2658 TH Prkcd Grin2c Glut_5,#2B93DF,#0D47A1,#68e497,#66311F,#993D00,1211
Glut,18 TH Glut,151 TH Prkcd Grin2c Glut,0659 TH Prkcd Grin2c Glut_6,2659 TH Prkcd Grin2c Glut_6,#2B93DF,#0D47A1,#68e497,#4DBEFF,#7A8ACC,77
Glut,18 TH Glut,151 TH Prkcd Grin2c Glut,0659 TH Prkcd Grin2c Glut_6,2660 TH Prkcd Grin2c Glut_6,#2B93DF,#0D47A1,#68e497,#4DBEFF,#370099,831
Glut,18 TH Glut,151 TH Prkcd Grin2c Glut,0659 TH Prkcd Grin2c Glut_6,2661 TH Prkcd Grin2c Glut_6,#2B93DF,#0D47A1,#68e497,#4DBEFF,#CC7AB5,173
Glut,18 TH Glut,151 TH Prkcd Grin2c Glut,0659 TH Prkcd Grin2c Glut_6,2662 TH Prkcd Grin2c Glut_6,#2B93DF,#0D47A1,#68e497,#4DBEFF,#2E6659,1083
Glut,18 TH Glut,151 TH Prkcd Grin2c Glut,0659 TH Prkcd Grin2c Glut_6,2663 TH Prkcd Grin2c Glut_6,#2B93DF,#0D47A1,#68e497,#4DBEFF,#885C99,1636
Glut,18 TH Glut,151 TH Prkcd Grin2c Glut,0659 TH Prkcd Grin2c Glut_6,2664 TH Prkcd Grin2c Glut_6,#2B93DF,#0D47A1,#68e497,#4DBEFF,#00FF0E,1177
Glut,18 TH Glut,151 TH Prkcd Grin2c Glut,0660 TH Prkcd Grin2c Glut_7,2665 TH Prkcd Grin2c Glut_7,#2B93DF,#0D47A1,#68e497,#5A3D66,#2D0099,703
Glut,18 TH Glut,151 TH Prkcd Grin2c Glut,0660 TH Prkcd Grin2c Glut_7,2666 TH Prkcd Grin2c Glut_7,#2B93DF,#0D47A1,#68e497,#5A3D66,#553D66,19
Glut,18 TH Glut,151 TH Prkcd Grin2c Glut,0660 TH Prkcd Grin2c Glut_7,2667 TH Prkcd Grin2c Glut_7,#2B93DF,#0D47A1,#68e497,#5A3D66,#00CC8D,127
Glut,18 TH Glut,151 TH Prkcd Grin2c Glut,0661 TH Prkcd Grin2c Glut_8,2668 TH Prkcd Grin2c Glut_8,#2B93DF,#0D47A1,#68e497,#FF5F26,#998C00,130
Glut,18 TH Glut,151 TH Prkcd Grin2c Glut,0661 TH Prkcd Grin2c Glut_8,2669 TH Prkcd Grin2c Glut_8,#2B93DF,#0D47A1,#68e497,#FF5F26,#996600,59
Glut,18 TH Glut,151 TH Prkcd Grin2c Glut,0661 TH Prkcd Grin2c Glut_8,2670 TH Prkcd Grin2c Glut_8,#2B93DF,#0D47A1,#68e497,#FF5F26,#992E88,53
Glut,18 TH Glut,151 TH Prkcd Grin2c Glut,0661 TH Prkcd Grin2c Glut_8,2671 TH Prkcd Grin2c Glut_8,#2B93DF,#0D47A1,#68e497,#FF5F26,#815C99,69
Glut,18 TH Glut,151 TH Prkcd Grin2c Glut,0661 TH Prkcd Grin2c Glut_8,2672 TH Prkcd Grin2c Glut_8,#2B93DF,#0D47A1,#68e497,#FF5F26,#CC8C00,272
Glut,18 TH Glut,151 TH Prkcd Grin2c Glut,0661 TH Prkcd Grin2c Glut_8,2673 TH Prkcd Grin2c Glut_8,#2B93DF,#0D47A1,#68e497,#FF5F26,#CD4DFF,135
Glut,18 TH Glut,151 TH Prkcd Grin2c Glut,0662 TH Prkcd Grin2c Glut_9,2674 TH Prkcd Grin2c Glut_9,#2B93DF,#0D47A1,#68e497,#42CC3D,#58661F,673
Glut,18 TH Glut,151 TH Prkcd Grin2c Glut,0662 TH Prkcd Grin2c Glut_9,2675 TH Prkcd Grin2c Glut_9,#2B93DF,#0D47A1,#68e497,#42CC3D,#5E2E66,346
Glut,18 TH Glut,151 TH Prkcd Grin2c Glut,0662 TH Prkcd Grin2c Glut_9,2676 TH Prkcd Grin2c Glut_9,#2B93DF,#0D47A1,#68e497,#42CC3D,#000D66,329
Glut,18 TH Glut,151 TH Prkcd Grin2c Glut,0663 TH Prkcd Grin2c Glut_10,2677 TH Prkcd Grin2c Glut_10,#2B93DF,#0D47A1,#68e497,#FFBD73,#CCFF00,692
Glut,18 TH Glut,151 TH Prkcd Grin2c Glut,0663 TH Prkcd Grin2c Glut_10,2678 TH Prkcd Grin2c Glut_10,#2B93DF,#0D47A1,#68e497,#FFBD73,#6026FF,2279
Glut,18 TH Glut,151 TH Prkcd Grin2c Glut,0664 TH Prkcd Grin2c Glut_11,2679 TH Prkcd Grin2c Glut_11,#2B93DF,#0D47A1,#68e497,#9E26FF,#CC1F2D,203
Glut,18 TH Glut,151 TH Prkcd Grin2c Glut,0664 TH Prkcd Grin2c Glut_11,2680 TH Prkcd Grin2c Glut_11,#2B93DF,#0D47A1,#68e497,#9E26FF,#3DCC51,348
Glut,18 TH Glut,151 TH Prkcd Grin2c Glut,0665 TH Prkcd Grin2c Glut_12,2681 TH Prkcd Grin2c Glut_12,#2B93DF,#0D47A1,#68e497,#89995C,#1F4E66,570
Glut,18 TH Glut,151 TH Prkcd Grin2c Glut,0665 TH Prkcd Grin2c Glut_12,2682 TH Prkcd Grin2c Glut_12,#2B93DF,#0D47A1,#68e497,#89995C,#CC5CBA,562
Glut,18 TH Glut,151 TH Prkcd Grin2c Glut,0666 TH Prkcd Grin2c Glut_13,2683 TH Prkcd Grin2c Glut_13,#2B93DF,#0D47A1,#68e497,#543DCC,#490F66,1611
Glut,18 TH Glut,151 TH Prkcd Grin2c Glut,0666 TH Prkcd Grin2c Glut_13,2684 TH Prkcd Grin2c Glut_13,#2B93DF,#0D47A1,#68e497,#543DCC,#30992E,42
Glut,18 TH Glut,151 TH Prkcd Grin2c Glut,0666 TH Prkcd Grin2c Glut_13,2685 TH Prkcd Grin2c Glut_13,#2B93DF,#0D47A1,#68e497,#543DCC,#FFF84D,59
Glut,18 TH Glut,151 TH Prkcd Grin2c Glut,0666 TH Prkcd Grin2c Glut_13,2686 TH Prkcd Grin2c Glut_13,#2B93DF,#0D47A1,#68e497,#543DCC,#3DBACC,401
Glut,18 TH Glut,151 TH Prkcd Grin2c Glut,0666 TH Prkcd Grin2c Glut_13,2687 TH Prkcd Grin2c Glut_13,#2B93DF,#0D47A1,#68e497,#543DCC,#662900,1209
Glut,18 TH Glut,151 TH Prkcd Grin2c Glut,0667 TH Prkcd Grin2c Glut_14,2688 TH Prkcd Grin2c Glut_14,#2B93DF,#0D47A1,#68e497,#CC1FA2,#66600F,169
Glut,18 TH Glut,151 TH Prkcd Grin2c Glut,0667 TH Prkcd Grin2c Glut_14,2689 TH Prkcd Grin2c Glut_14,#2B93DF,#0D47A1,#68e497,#CC1FA2,#663D54,261
Glut,18 TH Glut,152 RE-Xi Nox4 Glut,0668 RE-Xi Nox4 Glut_1,2690 RE-Xi Nox4 Glut_1,#2B93DF,#0D47A1,#663D57,#7AC3CC,#99FDFF,159
Glut,18 TH Glut,152 RE-Xi Nox4 Glut,0668 RE-Xi Nox4 Glut_1,2691 RE-Xi Nox4 Glut_1,#2B93DF,#0D47A1,#663D57,#7AC3CC,#006603,176
Glut,18 TH Glut,152 RE-Xi Nox4 Glut,0668 RE-Xi Nox4 Glut_1,2692 RE-Xi Nox4 Glut_1,#2B93DF,#0D47A1,#663D57,#7AC3CC,#1FCC26,393
Glut,18 TH Glut,152 RE-Xi Nox4 Glut,0668 RE-Xi Nox4 Glut_1,2693 RE-Xi Nox4 Glut_1,#2B93DF,#0D47A1,#663D57,#7AC3CC,#6E4599,52
Glut,18 TH Glut,152 RE-Xi Nox4 Glut,0669 RE-Xi Nox4 Glut_2,2694 RE-Xi Nox4 Glut_2,#2B93DF,#0D47A1,#663D57,#73FFF8,#008399,123
Glut,18 TH Glut,152 RE-Xi Nox4 Glut,0669 RE-Xi Nox4 Glut_2,2695 RE-Xi Nox4 Glut_2,#2B93DF,#0D47A1,#663D57,#73FFF8,#99D6FF,508
Glut,18 TH Glut,152 RE-Xi Nox4 Glut,0669 RE-Xi Nox4 Glut_2,2696 RE-Xi Nox4 Glut_2,#2B93DF,#0D47A1,#663D57,#73FFF8,#661F5C,418
Glut,18 TH Glut,152 RE-Xi Nox4 Glut,0669 RE-Xi Nox4 Glut_2,2697 RE-Xi Nox4 Glut_2,#2B93DF,#0D47A1,#663D57,#73FFF8,#993D17,191
Glut,18 TH Glut,152 RE-Xi Nox4 Glut,0670 RE-Xi Nox4 Glut_3,2698 RE-Xi Nox4 Glut_3,#2B93DF,#0D47A1,#663D57,#CC993D,#73FF79,864
Glut,18 TH Glut,152 RE-Xi Nox4 Glut,0670 RE-Xi Nox4 Glut_3,2699 RE-Xi Nox4 Glut_3,#2B93DF,#0D47A1,#663D57,#CC993D,#94CC1F,392
Glut,18 TH Glut,152 RE-Xi Nox4 Glut,0670 RE-Xi Nox4 Glut_3,2700 RE-Xi Nox4 Glut_3,#2B93DF,#0D47A1,#663D57,#CC993D,#579917,201
Glut,18 TH Glut,152 RE-Xi Nox4 Glut,0670 RE-Xi Nox4 Glut_3,2701 RE-Xi Nox4 Glut_3,#2B93DF,#0D47A1,#663D57,#CC993D,#620F66,117
Glut,18 TH Glut,152 RE-Xi Nox4 Glut,0670 RE-Xi Nox4 Glut_3,2702 RE-Xi Nox4 Glut_3,#2B93DF,#0D47A1,#663D57,#CC993D,#3DCCBE,125
Glut,18 TH Glut,152 RE-Xi Nox4 Glut,0671 RE-Xi Nox4 Glut_4,2703 RE-Xi Nox4 Glut_4,#2B93DF,#0D47A1,#663D57,#991720,#26FFF1,28
Glut,18 TH Glut,153 MG-POL-SGN Nts Glut,0672 MG-POL-SGN Nts Glut_1,2704 MG-POL-SGN Nts Glut_1,#2B93DF,#0D47A1,#992E38,#CC1F7C,#990063,45
Glut,18 TH Glut,153 MG-POL-SGN Nts Glut,0672 MG-POL-SGN Nts Glut_1,2705 MG-POL-SGN Nts Glut_1,#2B93DF,#0D47A1,#992E38,#CC1F7C,#480066,130
Glut,18 TH Glut,153 MG-POL-SGN Nts Glut,0672 MG-POL-SGN Nts Glut_1,2706 MG-POL-SGN Nts Glut_1,#2B93DF,#0D47A1,#992E38,#CC1F7C,#2E2F99,288
Glut,18 TH Glut,153 MG-POL-SGN Nts Glut,0673 MG-POL-SGN Nts Glut_2,2707 MG-POL-SGN Nts Glut_2,#2B93DF,#0D47A1,#992E38,#0E6600,#3E1799,51
Glut,18 TH Glut,153 MG-POL-SGN Nts Glut,0673 MG-POL-SGN Nts Glut_2,2708 MG-POL-SGN Nts Glut_2,#2B93DF,#0D47A1,#992E38,#0E6600,#994556,12
Glut,18 TH Glut,153 MG-POL-SGN Nts Glut,0673 MG-POL-SGN Nts Glut_2,2709 MG-POL-SGN Nts Glut_2,#2B93DF,#0D47A1,#992E38,#0E6600,#66661F,64
Glut,18 TH Glut,154 PF Fzd5 Glut,0674 PF Fzd5 Glut_1,2710 PF Fzd5 Glut_1,#2B93DF,#0D47A1,#1C0099,#99472E,#794DFF,103
Glut,18 TH Glut,154 PF Fzd5 Glut,0674 PF Fzd5 Glut_1,2711 PF Fzd5 Glut_1,#2B93DF,#0D47A1,#1C0099,#99472E,#5C7699,66
Glut,18 TH Glut,154 PF Fzd5 Glut,0674 PF Fzd5 Glut_1,2712 PF Fzd5 Glut_1,#2B93DF,#0D47A1,#1C0099,#99472E,#402E99,108
Glut,18 TH Glut,154 PF Fzd5 Glut,0674 PF Fzd5 Glut_1,2713 PF Fzd5 Glut_1,#2B93DF,#0D47A1,#1C0099,#99472E,#4DFF6C,290
Glut,18 TH Glut,154 PF Fzd5 Glut,0674 PF Fzd5 Glut_1,2714 PF Fzd5 Glut_1,#2B93DF,#0D47A1,#1C0099,#99472E,#26D7FF,26
Glut,18 TH Glut,154 PF Fzd5 Glut,0674 PF Fzd5 Glut_1,2715 PF Fzd5 Glut_1,#2B93DF,#0D47A1,#1C0099,#99472E,#B53DCC,72
Glut,18 TH Glut,154 PF Fzd5 Glut,0674 PF Fzd5 Glut_1,2716 PF Fzd5 Glut_1,#2B93DF,#0D47A1,#1C0099,#99472E,#1F3C66,100
Glut,18 TH Glut,154 PF Fzd5 Glut,0674 PF Fzd5 Glut_1,2717 PF Fzd5 Glut_1,#2B93DF,#0D47A1,#1C0099,#99472E,#51661F,204
Glut,18 TH Glut,154 PF Fzd5 Glut,0674 PF Fzd5 Glut_1,2718 PF Fzd5 Glut_1,#2B93DF,#0D47A1,#1C0099,#99472E,#D0FF99,90
Glut,18 TH Glut,154 PF Fzd5 Glut,0674 PF Fzd5 Glut_1,2719 PF Fzd5 Glut_1,#2B93DF,#0D47A1,#1C0099,#99472E,#260F66,184
Glut,18 TH Glut,154 PF Fzd5 Glut,0675 PF Fzd5 Glut_2,2720 PF Fzd5 Glut_2,#2B93DF,#0D47A1,#1C0099,#454599,#611FCC,441
Glut,18 TH Glut,154 PF Fzd5 Glut,0675 PF Fzd5 Glut_2,2721 PF Fzd5 Glut_2,#2B93DF,#0D47A1,#1C0099,#454599,#664C1F,323
Glut,18 TH Glut,154 PF Fzd5 Glut,0675 PF Fzd5 Glut_2,2722 PF Fzd5 Glut_2,#2B93DF,#0D47A1,#1C0099,#454599,#0F6610,217
Glut,18 TH Glut,154 PF Fzd5 Glut,0675 PF Fzd5 Glut_2,2723 PF Fzd5 Glut_2,#2B93DF,#0D47A1,#1C0099,#454599,#91995C,774
Glut,18 TH Glut,154 PF Fzd5 Glut,0675 PF Fzd5 Glut_2,2724 PF Fzd5 Glut_2,#2B93DF,#0D47A1,#1C0099,#454599,#392E99,738
Glut,18 TH Glut,154 PF Fzd5 Glut,0675 PF Fzd5 Glut_2,2725 PF Fzd5 Glut_2,#2B93DF,#0D47A1,#1C0099,#454599,#CC4C1F,270
Glut,19 MB Glut,155 PRC-PAG Pax6 Glut,0677 PRC-PAG Pax6 Glut_2,2734 PRC-PAG Pax6 Glut_2,#2B93DF,#007200,#3D6566,#99ECFF,#171C99,1
Glut,19 MB Glut,155 PRC-PAG Pax6 Glut,0677 PRC-PAG Pax6 Glut_2,2735 PRC-PAG Pax6 Glut_2,#2B93DF,#007200,#3D6566,#99ECFF,#995C63,6
Glut,19 MB Glut,155 PRC-PAG Pax6 Glut,0677 PRC-PAG Pax6 Glut_2,2736 PRC-PAG Pax6 Glut_2,#2B93DF,#007200,#3D6566,#99ECFF,#997E5C,26
Glut,19 MB Glut,155 PRC-PAG Pax6 Glut,0677 PRC-PAG Pax6 Glut_2,2738 PRC-PAG Pax6 Glut_2,#2B93DF,#007200,#3D6566,#99ECFF,#993300,1
Glut,19 MB Glut,155 PRC-PAG Pax6 Glut,0677 PRC-PAG Pax6 Glut_2,2739 PRC-PAG Pax6 Glut_2,#2B93DF,#007200,#3D6566,#99ECFF,#18660F,9
Glut,19 MB Glut,155 PRC-PAG Pax6 Glut,0680 PRC-PAG Pax6 Glut_5,2751 PRC-PAG Pax6 Glut_5,#2B93DF,#007200,#3D6566,#996345,#660F12,1
Glut,19 MB Glut,156 MB-ant-ve Dmrta2 Glut,0681 MB-ant-ve Dmrta2 Glut_1,2753 MB-ant-ve Dmrta2 Glut_1,#2B93DF,#007200,#99862E,#176599,#006499,1
Glut,19 MB Glut,156 MB-ant-ve Dmrta2 Glut,0681 MB-ant-ve Dmrta2 Glut_1,2754 MB-ant-ve Dmrta2 Glut_1,#2B93DF,#007200,#99862E,#176599,#0F6625,8
Glut,19 MB Glut,156 MB-ant-ve Dmrta2 Glut,0681 MB-ant-ve Dmrta2 Glut_1,2756 MB-ant-ve Dmrta2 Glut_1,#2B93DF,#007200,#99862E,#176599,#73FF92,29
Glut,19 MB Glut,156 MB-ant-ve Dmrta2 Glut,0681 MB-ant-ve Dmrta2 Glut_1,2760 MB-ant-ve Dmrta2 Glut_1,#2B93DF,#007200,#99862E,#176599,#99173E,71
Glut,19 MB Glut,158 MRN-PAG Nkx6-1 Glut,0683 MRN-PAG Nkx6-1 Glut_1,2764 MRN-PAG Nkx6-1 Glut_1,#2B93DF,#007200,#B6FF4D,#73CA00,#CC6F1F,1
Glut,19 MB Glut,159 IF-RL-CLI-PAG Foxa1 Glut,0686 IF-RL-CLI-PAG Foxa1 Glut_2,2774 IF-RL-CLI-PAG Foxa1 Glut_2,#2B93DF,#007200,#63FF26,#99004E,#2E6648,2
Glut,19 MB Glut,159 IF-RL-CLI-PAG Foxa1 Glut,0689 IF-RL-CLI-PAG Foxa1 Glut_5,2780 IF-RL-CLI-PAG Foxa1 Glut_5,#2B93DF,#007200,#63FF26,#2E9997,#C94DFF,14
Glut,19 MB Glut,160 PAG-SC Neurod2 Meis2 Glut,0693 PAG-SC Neurod2 Meis2 Glut_4,2792 PAG-SC Neurod2 Meis2 Glut_4,#2B93DF,#007200,#2E7799,#491799,#3D6646,1
Glut,19 MB Glut,163 APN C1ql2 Glut,0702 APN C1ql2 Glut_1,2841 APN C1ql2 Glut_1,#2B93DF,#007200,#5C64CC,#843DCC,#6E5C99,7
Glut,19 MB Glut,163 APN C1ql2 Glut,0702 APN C1ql2 Glut_1,2842 APN C1ql2 Glut_1,#2B93DF,#007200,#5C64CC,#843DCC,#179987,16
Glut,19 MB Glut,163 APN C1ql2 Glut,0702 APN C1ql2 Glut_1,2843 APN C1ql2 Glut_1,#2B93DF,#007200,#5C64CC,#843DCC,#CC5C9E,7
Glut,19 MB Glut,163 APN C1ql2 Glut,0702 APN C1ql2 Glut_1,2844 APN C1ql2 Glut_1,#2B93DF,#007200,#5C64CC,#843DCC,#006615,8
Glut,19 MB Glut,163 APN C1ql2 Glut,0702 APN C1ql2 Glut_1,2845 APN C1ql2 Glut_1,#2B93DF,#007200,#5C64CC,#843DCC,#870099,4
Glut,19 MB Glut,163 APN C1ql2 Glut,0702 APN C1ql2 Glut_1,2847 APN C1ql2 Glut_1,#2B93DF,#007200,#5C64CC,#843DCC,#26FFE3,10
Glut,19 MB Glut,164 APN C1ql4 Glut,0703 APN C1ql4 Glut_1,2848 APN C1ql4 Glut_1,#2B93DF,#007200,#1FCC4D,#660F39,#CBCC3D,1
Glut,19 MB Glut,164 APN C1ql4 Glut,0703 APN C1ql4 Glut_1,2851 APN C1ql4 Glut_1,#2B93DF,#007200,#1FCC4D,#660F39,#179972,37
Glut,19 MB Glut,164 APN C1ql4 Glut,0703 APN C1ql4 Glut_1,2852 APN C1ql4 Glut_1,#2B93DF,#007200,#1FCC4D,#660F39,#829945,16
Glut,19 MB Glut,164 APN C1ql4 Glut,0703 APN C1ql4 Glut_1,2853 APN C1ql4 Glut_1,#2B93DF,#007200,#1FCC4D,#660F39,#001199,4
Glut,19 MB Glut,164 APN C1ql4 Glut,0703 APN C1ql4 Glut_1,2854 APN C1ql4 Glut_1,#2B93DF,#007200,#1FCC4D,#660F39,#73FF95,15
Glut,19 MB Glut,164 APN C1ql4 Glut,0703 APN C1ql4 Glut_1,2855 APN C1ql4 Glut_1,#2B93DF,#007200,#1FCC4D,#660F39,#D026FF,1
Glut,19 MB Glut,164 APN C1ql4 Glut,0703 APN C1ql4 Glut_1,2856 APN C1ql4 Glut_1,#2B93DF,#007200,#1FCC4D,#660F39,#66662E,1
Glut,19 MB Glut,166 MRN Pou3f1 C1ql4 Glut,0710 MRN Pou3f1 C1ql4 Glut_1,2885 MRN Pou3f1 C1ql4 Glut_1,#2B93DF,#007200,#005C99,#FF4D73,#990014,10
Glut,19 MB Glut,166 MRN Pou3f1 C1ql4 Glut,0710 MRN Pou3f1 C1ql4 Glut_1,2888 MRN Pou3f1 C1ql4 Glut_1,#2B93DF,#007200,#005C99,#FF4D73,#1F664D,1
Glut,19 MB Glut,166 MRN Pou3f1 C1ql4 Glut,0710 MRN Pou3f1 C1ql4 Glut_1,2889 MRN Pou3f1 C1ql4 Glut_1,#2B93DF,#007200,#005C99,#FF4D73,#1F2ECC,13
Glut,19 MB Glut,166 MRN Pou3f1 C1ql4 Glut,0711 MRN Pou3f1 C1ql4 Glut_2,2890 MRN Pou3f1 C1ql4 Glut_2,#2B93DF,#007200,#005C99,#4DFF9A,#5E6600,1
Glut,19 MB Glut,166 MRN Pou3f1 C1ql4 Glut,0711 MRN Pou3f1 C1ql4 Glut_2,2891 MRN Pou3f1 C1ql4 Glut_2,#2B93DF,#007200,#005C99,#4DFF9A,#A4FF99,4
Glut,19 MB Glut,166 MRN Pou3f1 C1ql4 Glut,0711 MRN Pou3f1 C1ql4 Glut_2,2893 MRN Pou3f1 C1ql4 Glut_2,#2B93DF,#007200,#005C99,#4DFF9A,#FF9B73,3
Glut,19 MB Glut,167 PRC-PAG Tcf7l2 Irx2 Glut,0713 PRC-PAG Tcf7l2 Irx2 Glut_1,2898 PRC-PAG Tcf7l2 Irx2 Glut_1,#2B93DF,#007200,#889917,#120066,#44663D,1
Glut,19 MB Glut,167 PRC-PAG Tcf7l2 Irx2 Glut,0713 PRC-PAG Tcf7l2 Irx2 Glut_1,2899 PRC-PAG Tcf7l2 Irx2 Glut_1,#2B93DF,#007200,#889917,#120066,#3D6645,4
Glut,19 MB Glut,167 PRC-PAG Tcf7l2 Irx2 Glut,0713 PRC-PAG Tcf7l2 Irx2 Glut_1,2900 PRC-PAG Tcf7l2 Irx2 Glut_1,#2B93DF,#007200,#889917,#120066,#00662A,1
Glut,19 MB Glut,167 PRC-PAG Tcf7l2 Irx2 Glut,0713 PRC-PAG Tcf7l2 Irx2 Glut_1,2901 PRC-PAG Tcf7l2 Irx2 Glut_1,#2B93DF,#007200,#889917,#120066,#330066,4
Glut,19 MB Glut,167 PRC-PAG Tcf7l2 Irx2 Glut,0713 PRC-PAG Tcf7l2 Irx2 Glut_1,2902 PRC-PAG Tcf7l2 Irx2 Glut_1,#2B93DF,#007200,#889917,#120066,#5C6F99,4
Glut,19 MB Glut,167 PRC-PAG Tcf7l2 Irx2 Glut,0713 PRC-PAG Tcf7l2 Irx2 Glut_1,2903 PRC-PAG Tcf7l2 Irx2 Glut_1,#2B93DF,#007200,#889917,#120066,#83995C,2
Glut,19 MB Glut,167 PRC-PAG Tcf7l2 Irx2 Glut,0713 PRC-PAG Tcf7l2 Irx2 Glut_1,2904 PRC-PAG Tcf7l2 Irx2 Glut_1,#2B93DF,#007200,#889917,#120066,#CCB61F,18
Glut,19 MB Glut,167 PRC-PAG Tcf7l2 Irx2 Glut,0713 PRC-PAG Tcf7l2 Irx2 Glut_1,2905 PRC-PAG Tcf7l2 Irx2 Glut_1,#2B93DF,#007200,#889917,#120066,#999745,26
Glut,19 MB Glut,167 PRC-PAG Tcf7l2 Irx2 Glut,0713 PRC-PAG Tcf7l2 Irx2 Glut_1,2906 PRC-PAG Tcf7l2 Irx2 Glut_1,#2B93DF,#007200,#889917,#120066,#664B1F,3
Glut,19 MB Glut,167 PRC-PAG Tcf7l2 Irx2 Glut,0713 PRC-PAG Tcf7l2 Irx2 Glut_1,2907 PRC-PAG Tcf7l2 Irx2 Glut_1,#2B93DF,#007200,#889917,#120066,#17992F,7
Glut,19 MB Glut,167 PRC-PAG Tcf7l2 Irx2 Glut,0714 PRC-PAG Tcf7l2 Irx2 Glut_2,2912 PRC-PAG Tcf7l2 Irx2 Glut_2,#2B93DF,#007200,#889917,#660007,#FFFA73,18
Glut,19 MB Glut,167 PRC-PAG Tcf7l2 Irx2 Glut,0714 PRC-PAG Tcf7l2 Irx2 Glut_2,2913 PRC-PAG Tcf7l2 Irx2 Glut_2,#2B93DF,#007200,#889917,#660007,#88FF00,8
Glut,19 MB Glut,167 PRC-PAG Tcf7l2 Irx2 Glut,0714 PRC-PAG Tcf7l2 Irx2 Glut_2,2914 PRC-PAG Tcf7l2 Irx2 Glut_2,#2B93DF,#007200,#889917,#660007,#51660F,31
Glut,19 MB Glut,167 PRC-PAG Tcf7l2 Irx2 Glut,0717 PRC-PAG Tcf7l2 Irx2 Glut_5,2921 PRC-PAG Tcf7l2 Irx2 Glut_5,#2B93DF,#007200,#889917,#178A99,#0F6612,49
Glut,19 MB Glut,167 PRC-PAG Tcf7l2 Irx2 Glut,0717 PRC-PAG Tcf7l2 Irx2 Glut_5,2922 PRC-PAG Tcf7l2 Irx2 Glut_5,#2B93DF,#007200,#889917,#178A99,#178E99,16
Glut,19 MB Glut,167 PRC-PAG Tcf7l2 Irx2 Glut,0717 PRC-PAG Tcf7l2 Irx2 Glut_5,2923 PRC-PAG Tcf7l2 Irx2 Glut_5,#2B93DF,#007200,#889917,#178A99,#130066,17
Glut,19 MB Glut,167 PRC-PAG Tcf7l2 Irx2 Glut,0717 PRC-PAG Tcf7l2 Irx2 Glut_5,2924 PRC-PAG Tcf7l2 Irx2 Glut_5,#2B93DF,#007200,#889917,#178A99,#008699,11
Glut,19 MB Glut,168 SPA-SPFm-SPFp-POL-PIL-PoT Sp9 Glut,0718 SPA-SPFm-SPFp-POL-PIL-PoT Sp9 Glut_1,2926 SPA-SPFm-SPFp-POL-PIL-PoT Sp9 Glut_1,#2B93DF,#007200,#26FFFE,#F72600,#991750,13
Glut,19 MB Glut,168 SPA-SPFm-SPFp-POL-PIL-PoT Sp9 Glut,0718 SPA-SPFm-SPFp-POL-PIL-PoT Sp9 Glut_1,2927 SPA-SPFm-SPFp-POL-PIL-PoT Sp9 Glut_1,#2B93DF,#007200,#26FFFE,#F72600,#99FFF3,8
Glut,19 MB Glut,168 SPA-SPFm-SPFp-POL-PIL-PoT Sp9 Glut,0718 SPA-SPFm-SPFp-POL-PIL-PoT Sp9 Glut_1,2928 SPA-SPFm-SPFp-POL-PIL-PoT Sp9 Glut_1,#2B93DF,#007200,#26FFFE,#F72600,#73ABFF,5
Glut,19 MB Glut,168 SPA-SPFm-SPFp-POL-PIL-PoT Sp9 Glut,0718 SPA-SPFm-SPFp-POL-PIL-PoT Sp9 Glut_1,2931 SPA-SPFm-SPFp-POL-PIL-PoT Sp9 Glut_1,#2B93DF,#007200,#26FFFE,#F72600,#7A84CC,31
Glut,19 MB Glut,168 SPA-SPFm-SPFp-POL-PIL-PoT Sp9 Glut,0718 SPA-SPFm-SPFp-POL-PIL-PoT Sp9 Glut_1,2932 SPA-SPFm-SPFp-POL-PIL-PoT Sp9 Glut_1,#2B93DF,#007200,#26FFFE,#F72600,#8E9945,3
Glut,19 MB Glut,168 SPA-SPFm-SPFp-POL-PIL-PoT Sp9 Glut,0718 SPA-SPFm-SPFp-POL-PIL-PoT Sp9 Glut_1,2933 SPA-SPFm-SPFp-POL-PIL-PoT Sp9 Glut_1,#2B93DF,#007200,#26FFFE,#F72600,#5EFF26,36
Glut,19 MB Glut,168 SPA-SPFm-SPFp-POL-PIL-PoT Sp9 Glut,0718 SPA-SPFm-SPFp-POL-PIL-PoT Sp9 Glut_1,2934 SPA-SPFm-SPFp-POL-PIL-PoT Sp9 Glut_1,#2B93DF,#007200,#26FFFE,#F72600,#459973,27
Glut,19 MB Glut,168 SPA-SPFm-SPFp-POL-PIL-PoT Sp9 Glut,0718 SPA-SPFm-SPFp-POL-PIL-PoT Sp9 Glut_1,2935 SPA-SPFm-SPFp-POL-PIL-PoT Sp9 Glut_1,#2B93DF,#007200,#26FFFE,#F72600,#FF269B,16
Glut,19 MB Glut,168 SPA-SPFm-SPFp-POL-PIL-PoT Sp9 Glut,0718 SPA-SPFm-SPFp-POL-PIL-PoT Sp9 Glut_1,2936 SPA-SPFm-SPFp-POL-PIL-PoT Sp9 Glut_1,#2B93DF,#007200,#26FFFE,#F72600,#1F5C66,24
Glut,19 MB Glut,168 SPA-SPFm-SPFp-POL-PIL-PoT Sp9 Glut,0718 SPA-SPFm-SPFp-POL-PIL-PoT Sp9 Glut_1,2937 SPA-SPFm-SPFp-POL-PIL-PoT Sp9 Glut_1,#2B93DF,#007200,#26FFFE,#F72600,#663D52,6
Glut,19 MB Glut,168 SPA-SPFm-SPFp-POL-PIL-PoT Sp9 Glut,0719 SPA-SPFm-SPFp-POL-PIL-PoT Sp9 Glut_2,2941 SPA-SPFm-SPFp-POL-PIL-PoT Sp9 Glut_2,#2B93DF,#007200,#26FFFE,#6B0099,#0D6600,10
Glut,19 MB Glut,168 SPA-SPFm-SPFp-POL-PIL-PoT Sp9 Glut,0719 SPA-SPFm-SPFp-POL-PIL-PoT Sp9 Glut_2,2942 SPA-SPFm-SPFp-POL-PIL-PoT Sp9 Glut_2,#2B93DF,#007200,#26FFFE,#6B0099,#99174A,53
Glut,19 MB Glut,168 SPA-SPFm-SPFp-POL-PIL-PoT Sp9 Glut,0719 SPA-SPFm-SPFp-POL-PIL-PoT Sp9 Glut_2,2943 SPA-SPFm-SPFp-POL-PIL-PoT Sp9 Glut_2,#2B93DF,#007200,#26FFFE,#6B0099,#CC4A3D,5
Glut,19 MB Glut,168 SPA-SPFm-SPFp-POL-PIL-PoT Sp9 Glut,0719 SPA-SPFm-SPFp-POL-PIL-PoT Sp9 Glut_2,2945 SPA-SPFm-SPFp-POL-PIL-PoT Sp9 Glut_2,#2B93DF,#007200,#26FFFE,#6B0099,#86CC7A,26
Glut,19 MB Glut,168 SPA-SPFm-SPFp-POL-PIL-PoT Sp9 Glut,0720 SPA-SPFm-SPFp-POL-PIL-PoT Sp9 Glut_3,2946 SPA-SPFm-SPFp-POL-PIL-PoT Sp9 Glut_3,#2B93DF,#007200,#26FFFE,#1F5666,#5C74CC,23
Glut,19 MB Glut,168 SPA-SPFm-SPFp-POL-PIL-PoT Sp9 Glut,0720 SPA-SPFm-SPFp-POL-PIL-PoT Sp9 Glut_3,2947 SPA-SPFm-SPFp-POL-PIL-PoT Sp9 Glut_3,#2B93DF,#007200,#26FFFE,#1F5666,#F0FF26,37
Glut,19 MB Glut,168 SPA-SPFm-SPFp-POL-PIL-PoT Sp9 Glut,0720 SPA-SPFm-SPFp-POL-PIL-PoT Sp9 Glut_3,2948 SPA-SPFm-SPFp-POL-PIL-PoT Sp9 Glut_3,#2B93DF,#007200,#26FFFE,#1F5666,#000EFF,15
Glut,19 MB Glut,168 SPA-SPFm-SPFp-POL-PIL-PoT Sp9 Glut,0720 SPA-SPFm-SPFp-POL-PIL-PoT Sp9 Glut_3,2949 SPA-SPFm-SPFp-POL-PIL-PoT Sp9 Glut_3,#2B93DF,#007200,#26FFFE,#1F5666,#B23DCC,57
Glut,19 MB Glut,168 SPA-SPFm-SPFp-POL-PIL-PoT Sp9 Glut,0720 SPA-SPFm-SPFp-POL-PIL-PoT Sp9 Glut_3,2950 SPA-SPFm-SPFp-POL-PIL-PoT Sp9 Glut_3,#2B93DF,#007200,#26FFFE,#1F5666,#894599,23
Glut,19 MB Glut,168 SPA-SPFm-SPFp-POL-PIL-PoT Sp9 Glut,0720 SPA-SPFm-SPFp-POL-PIL-PoT Sp9 Glut_3,2951 SPA-SPFm-SPFp-POL-PIL-PoT Sp9 Glut_3,#2B93DF,#007200,#26FFFE,#1F5666,#4E1F66,14
Glut,19 MB Glut,168 SPA-SPFm-SPFp-POL-PIL-PoT Sp9 Glut,0720 SPA-SPFm-SPFp-POL-PIL-PoT Sp9 Glut_3,2952 SPA-SPFm-SPFp-POL-PIL-PoT Sp9 Glut_3,#2B93DF,#007200,#26FFFE,#1F5666,#2E997C,5
Glut,19 MB Glut,168 SPA-SPFm-SPFp-POL-PIL-PoT Sp9 Glut,0720 SPA-SPFm-SPFp-POL-PIL-PoT Sp9 Glut_3,2953 SPA-SPFm-SPFp-POL-PIL-PoT Sp9 Glut_3,#2B93DF,#007200,#26FFFE,#1F5666,#4DFDFF,35
Glut,19 MB Glut,168 SPA-SPFm-SPFp-POL-PIL-PoT Sp9 Glut,0720 SPA-SPFm-SPFp-POL-PIL-PoT Sp9 Glut_3,2954 SPA-SPFm-SPFp-POL-PIL-PoT Sp9 Glut_3,#2B93DF,#007200,#26FFFE,#1F5666,#008D99,34
Glut,19 MB Glut,168 SPA-SPFm-SPFp-POL-PIL-PoT Sp9 Glut,0720 SPA-SPFm-SPFp-POL-PIL-PoT Sp9 Glut_3,2955 SPA-SPFm-SPFp-POL-PIL-PoT Sp9 Glut_3,#2B93DF,#007200,#26FFFE,#1F5666,#570F66,67
Glut,19 MB Glut,168 SPA-SPFm-SPFp-POL-PIL-PoT Sp9 Glut,0721 SPA-SPFm-SPFp-POL-PIL-PoT Sp9 Glut_4,2956 SPA-SPFm-SPFp-POL-PIL-PoT Sp9 Glut_4,#2B93DF,#007200,#26FFFE,#3D94CC,#661F2A,47
Glut,19 MB Glut,168 SPA-SPFm-SPFp-POL-PIL-PoT Sp9 Glut,0721 SPA-SPFm-SPFp-POL-PIL-PoT Sp9 Glut_4,2957 SPA-SPFm-SPFp-POL-PIL-PoT Sp9 Glut_4,#2B93DF,#007200,#26FFFE,#3D94CC,#992E2E,46
Glut,19 MB Glut,168 SPA-SPFm-SPFp-POL-PIL-PoT Sp9 Glut,0721 SPA-SPFm-SPFp-POL-PIL-PoT Sp9 Glut_4,2958 SPA-SPFm-SPFp-POL-PIL-PoT Sp9 Glut_4,#2B93DF,#007200,#26FFFE,#3D94CC,#C25CCC,56
Glut,19 MB Glut,168 SPA-SPFm-SPFp-POL-PIL-PoT Sp9 Glut,0721 SPA-SPFm-SPFp-POL-PIL-PoT Sp9 Glut_4,2959 SPA-SPFm-SPFp-POL-PIL-PoT Sp9 Glut_4,#2B93DF,#007200,#26FFFE,#3D94CC,#00FFF9,32
Glut,19 MB Glut,168 SPA-SPFm-SPFp-POL-PIL-PoT Sp9 Glut,0721 SPA-SPFm-SPFp-POL-PIL-PoT Sp9 Glut_4,2960 SPA-SPFm-SPFp-POL-PIL-PoT Sp9 Glut_4,#2B93DF,#007200,#26FFFE,#3D94CC,#502E66,30
Glut,19 MB Glut,168 SPA-SPFm-SPFp-POL-PIL-PoT Sp9 Glut,0721 SPA-SPFm-SPFp-POL-PIL-PoT Sp9 Glut_4,2961 SPA-SPFm-SPFp-POL-PIL-PoT Sp9 Glut_4,#2B93DF,#007200,#26FFFE,#3D94CC,#99382E,5
Glut,19 MB Glut,168 SPA-SPFm-SPFp-POL-PIL-PoT Sp9 Glut,0721 SPA-SPFm-SPFp-POL-PIL-PoT Sp9 Glut_4,2962 SPA-SPFm-SPFp-POL-PIL-PoT Sp9 Glut_4,#2B93DF,#007200,#26FFFE,#3D94CC,#95CC5C,16
Glut,19 MB Glut,168 SPA-SPFm-SPFp-POL-PIL-PoT Sp9 Glut,0721 SPA-SPFm-SPFp-POL-PIL-PoT Sp9 Glut_4,2963 SPA-SPFm-SPFp-POL-PIL-PoT Sp9 Glut_4,#2B93DF,#007200,#26FFFE,#3D94CC,#FFCE73,78
Glut,19 MB Glut,168 SPA-SPFm-SPFp-POL-PIL-PoT Sp9 Glut,0721 SPA-SPFm-SPFp-POL-PIL-PoT Sp9 Glut_4,2964 SPA-SPFm-SPFp-POL-PIL-PoT Sp9 Glut_4,#2B93DF,#007200,#26FFFE,#3D94CC,#006661,32
Glut,19 MB Glut,168 SPA-SPFm-SPFp-POL-PIL-PoT Sp9 Glut,0722 SPA-SPFm-SPFp-POL-PIL-PoT Sp9 Glut_5,2965 SPA-SPFm-SPFp-POL-PIL-PoT Sp9 Glut_5,#2B93DF,#007200,#26FFFE,#006641,#7C995C,51
Glut,19 MB Glut,168 SPA-SPFm-SPFp-POL-PIL-PoT Sp9 Glut,0722 SPA-SPFm-SPFp-POL-PIL-PoT Sp9 Glut_5,2966 SPA-SPFm-SPFp-POL-PIL-PoT Sp9 Glut_5,#2B93DF,#007200,#26FFFE,#006641,#999345,73
Glut,19 MB Glut,168 SPA-SPFm-SPFp-POL-PIL-PoT Sp9 Glut,0722 SPA-SPFm-SPFp-POL-PIL-PoT Sp9 Glut_5,2967 SPA-SPFm-SPFp-POL-PIL-PoT Sp9 Glut_5,#2B93DF,#007200,#26FFFE,#006641,#662E43,60
Glut,19 MB Glut,168 SPA-SPFm-SPFp-POL-PIL-PoT Sp9 Glut,0722 SPA-SPFm-SPFp-POL-PIL-PoT Sp9 Glut_5,2968 SPA-SPFm-SPFp-POL-PIL-PoT Sp9 Glut_5,#2B93DF,#007200,#26FFFE,#006641,#FF99FF,34
Glut,19 MB Glut,168 SPA-SPFm-SPFp-POL-PIL-PoT Sp9 Glut,0722 SPA-SPFm-SPFp-POL-PIL-PoT Sp9 Glut_5,2969 SPA-SPFm-SPFp-POL-PIL-PoT Sp9 Glut_5,#2B93DF,#007200,#26FFFE,#006641,#458099,14
Glut,19 MB Glut,168 SPA-SPFm-SPFp-POL-PIL-PoT Sp9 Glut,0722 SPA-SPFm-SPFp-POL-PIL-PoT Sp9 Glut_5,2970 SPA-SPFm-SPFp-POL-PIL-PoT Sp9 Glut_5,#2B93DF,#007200,#26FFFE,#006641,#6B3DCC,15
Glut,19 MB Glut,168 SPA-SPFm-SPFp-POL-PIL-PoT Sp9 Glut,0722 SPA-SPFm-SPFp-POL-PIL-PoT Sp9 Glut_5,2971 SPA-SPFm-SPFp-POL-PIL-PoT Sp9 Glut_5,#2B93DF,#007200,#26FFFE,#006641,#FF26E0,8
Glut,19 MB Glut,168 SPA-SPFm-SPFp-POL-PIL-PoT Sp9 Glut,0722 SPA-SPFm-SPFp-POL-PIL-PoT Sp9 Glut_5,2972 SPA-SPFm-SPFp-POL-PIL-PoT Sp9 Glut_5,#2B93DF,#007200,#26FFFE,#006641,#FF4D58,21
Glut,19 MB Glut,168 SPA-SPFm-SPFp-POL-PIL-PoT Sp9 Glut,0722 SPA-SPFm-SPFp-POL-PIL-PoT Sp9 Glut_5,2973 SPA-SPFm-SPFp-POL-PIL-PoT Sp9 Glut_5,#2B93DF,#007200,#26FFFE,#006641,#FF99D1,36
Glut,19 MB Glut,168 SPA-SPFm-SPFp-POL-PIL-PoT Sp9 Glut,0723 SPA-SPFm-SPFp-POL-PIL-PoT Sp9 Glut_6,2974 SPA-SPFm-SPFp-POL-PIL-PoT Sp9 Glut_6,#2B93DF,#007200,#26FFFE,#8D992E,#26FF8B,20
Glut,19 MB Glut,168 SPA-SPFm-SPFp-POL-PIL-PoT Sp9 Glut,0723 SPA-SPFm-SPFp-POL-PIL-PoT Sp9 Glut_6,2975 SPA-SPFm-SPFp-POL-PIL-PoT Sp9 Glut_6,#2B93DF,#007200,#26FFFE,#8D992E,#662C1F,31
Glut,19 MB Glut,168 SPA-SPFm-SPFp-POL-PIL-PoT Sp9 Glut,0723 SPA-SPFm-SPFp-POL-PIL-PoT Sp9 Glut_6,2976 SPA-SPFm-SPFp-POL-PIL-PoT Sp9 Glut_6,#2B93DF,#007200,#26FFFE,#8D992E,#855CCC,39
Glut,19 MB Glut,168 SPA-SPFm-SPFp-POL-PIL-PoT Sp9 Glut,0723 SPA-SPFm-SPFp-POL-PIL-PoT Sp9 Glut_6,2977 SPA-SPFm-SPFp-POL-PIL-PoT Sp9 Glut_6,#2B93DF,#007200,#26FFFE,#8D992E,#302E66,11
Glut,19 MB Glut,168 SPA-SPFm-SPFp-POL-PIL-PoT Sp9 Glut,0723 SPA-SPFm-SPFp-POL-PIL-PoT Sp9 Glut_6,2978 SPA-SPFm-SPFp-POL-PIL-PoT Sp9 Glut_6,#2B93DF,#007200,#26FFFE,#8D992E,#FFDD26,17
Glut,19 MB Glut,168 SPA-SPFm-SPFp-POL-PIL-PoT Sp9 Glut,0723 SPA-SPFm-SPFp-POL-PIL-PoT Sp9 Glut_6,2979 SPA-SPFm-SPFp-POL-PIL-PoT Sp9 Glut_6,#2B93DF,#007200,#26FFFE,#8D992E,#176299,20
Glut,19 MB Glut,168 SPA-SPFm-SPFp-POL-PIL-PoT Sp9 Glut,0723 SPA-SPFm-SPFp-POL-PIL-PoT Sp9 Glut_6,2980 SPA-SPFm-SPFp-POL-PIL-PoT Sp9 Glut_6,#2B93DF,#007200,#26FFFE,#8D992E,#665300,5
Glut,19 MB Glut,168 SPA-SPFm-SPFp-POL-PIL-PoT Sp9 Glut,0723 SPA-SPFm-SPFp-POL-PIL-PoT Sp9 Glut_6,2981 SPA-SPFm-SPFp-POL-PIL-PoT Sp9 Glut_6,#2B93DF,#007200,#26FFFE,#8D992E,#FFD999,18
Glut,19 MB Glut,168 SPA-SPFm-SPFp-POL-PIL-PoT Sp9 Glut,0723 SPA-SPFm-SPFp-POL-PIL-PoT Sp9 Glut_6,2982 SPA-SPFm-SPFp-POL-PIL-PoT Sp9 Glut_6,#2B93DF,#007200,#26FFFE,#8D992E,#CCB95C,7
Glut,19 MB Glut,168 SPA-SPFm-SPFp-POL-PIL-PoT Sp9 Glut,0724 SPA-SPFm-SPFp-POL-PIL-PoT Sp9 Glut_7,2983 SPA-SPFm-SPFp-POL-PIL-PoT Sp9 Glut_7,#2B93DF,#007200,#26FFFE,#1F6620,#FF8526,112
Glut,19 MB Glut,168 SPA-SPFm-SPFp-POL-PIL-PoT Sp9 Glut,0724 SPA-SPFm-SPFp-POL-PIL-PoT Sp9 Glut_7,2984 SPA-SPFm-SPFp-POL-PIL-PoT Sp9 Glut_7,#2B93DF,#007200,#26FFFE,#1F6620,#992E40,59
Glut,19 MB Glut,168 SPA-SPFm-SPFp-POL-PIL-PoT Sp9 Glut,0724 SPA-SPFm-SPFp-POL-PIL-PoT Sp9 Glut_7,2985 SPA-SPFm-SPFp-POL-PIL-PoT Sp9 Glut_7,#2B93DF,#007200,#26FFFE,#1F6620,#FF0D00,53
Glut,19 MB Glut,168 SPA-SPFm-SPFp-POL-PIL-PoT Sp9 Glut,0724 SPA-SPFm-SPFp-POL-PIL-PoT Sp9 Glut_7,2986 SPA-SPFm-SPFp-POL-PIL-PoT Sp9 Glut_7,#2B93DF,#007200,#26FFFE,#1F6620,#B35CCC,67
Glut,19 MB Glut,168 SPA-SPFm-SPFp-POL-PIL-PoT Sp9 Glut,0724 SPA-SPFm-SPFp-POL-PIL-PoT Sp9 Glut_7,2987 SPA-SPFm-SPFp-POL-PIL-PoT Sp9 Glut_7,#2B93DF,#007200,#26FFFE,#1F6620,#FFDA73,79
Glut,19 MB Glut,168 SPA-SPFm-SPFp-POL-PIL-PoT Sp9 Glut,0725 SPA-SPFm-SPFp-POL-PIL-PoT Sp9 Glut_8,2988 SPA-SPFm-SPFp-POL-PIL-PoT Sp9 Glut_8,#2B93DF,#007200,#26FFFE,#8E9945,#52CC1F,70
Glut,19 MB Glut,168 SPA-SPFm-SPFp-POL-PIL-PoT Sp9 Glut,0725 SPA-SPFm-SPFp-POL-PIL-PoT Sp9 Glut_8,2989 SPA-SPFm-SPFp-POL-PIL-PoT Sp9 Glut_8,#2B93DF,#007200,#26FFFE,#8E9945,#992E42,22
Glut,19 MB Glut,168 SPA-SPFm-SPFp-POL-PIL-PoT Sp9 Glut,0725 SPA-SPFm-SPFp-POL-PIL-PoT Sp9 Glut_8,2990 SPA-SPFm-SPFp-POL-PIL-PoT Sp9 Glut_8,#2B93DF,#007200,#26FFFE,#8E9945,#3E2E99,14
Glut,19 MB Glut,168 SPA-SPFm-SPFp-POL-PIL-PoT Sp9 Glut,0725 SPA-SPFm-SPFp-POL-PIL-PoT Sp9 Glut_8,2991 SPA-SPFm-SPFp-POL-PIL-PoT Sp9 Glut_8,#2B93DF,#007200,#26FFFE,#8E9945,#754DFF,50
Glut,19 MB Glut,168 SPA-SPFm-SPFp-POL-PIL-PoT Sp9 Glut,0725 SPA-SPFm-SPFp-POL-PIL-PoT Sp9 Glut_8,2992 SPA-SPFm-SPFp-POL-PIL-PoT Sp9 Glut_8,#2B93DF,#007200,#26FFFE,#8E9945,#73FF8F,51
Glut,19 MB Glut,168 SPA-SPFm-SPFp-POL-PIL-PoT Sp9 Glut,0725 SPA-SPFm-SPFp-POL-PIL-PoT Sp9 Glut_8,2993 SPA-SPFm-SPFp-POL-PIL-PoT Sp9 Glut_8,#2B93DF,#007200,#26FFFE,#8E9945,#9DFF99,23
Glut,19 MB Glut,168 SPA-SPFm-SPFp-POL-PIL-PoT Sp9 Glut,0725 SPA-SPFm-SPFp-POL-PIL-PoT Sp9 Glut_8,2994 SPA-SPFm-SPFp-POL-PIL-PoT Sp9 Glut_8,#2B93DF,#007200,#26FFFE,#8E9945,#99962E,22
Glut,19 MB Glut,168 SPA-SPFm-SPFp-POL-PIL-PoT Sp9 Glut,0726 SPA-SPFm-SPFp-POL-PIL-PoT Sp9 Glut_9,2995 SPA-SPFm-SPFp-POL-PIL-PoT Sp9 Glut_9,#2B93DF,#007200,#26FFFE,#58FF4D,#765C99,10
Glut,19 MB Glut,168 SPA-SPFm-SPFp-POL-PIL-PoT Sp9 Glut,0726 SPA-SPFm-SPFp-POL-PIL-PoT Sp9 Glut_9,2996 SPA-SPFm-SPFp-POL-PIL-PoT Sp9 Glut_9,#2B93DF,#007200,#26FFFE,#58FF4D,#605C99,3
Glut,19 MB Glut,168 SPA-SPFm-SPFp-POL-PIL-PoT Sp9 Glut,0726 SPA-SPFm-SPFp-POL-PIL-PoT Sp9 Glut_9,2997 SPA-SPFm-SPFp-POL-PIL-PoT Sp9 Glut_9,#2B93DF,#007200,#26FFFE,#58FF4D,#2E5F66,1
Glut,19 MB Glut,168 SPA-SPFm-SPFp-POL-PIL-PoT Sp9 Glut,0726 SPA-SPFm-SPFp-POL-PIL-PoT Sp9 Glut_9,2998 SPA-SPFm-SPFp-POL-PIL-PoT Sp9 Glut_9,#2B93DF,#007200,#26FFFE,#58FF4D,#45660F,6
Glut,19 MB Glut,168 SPA-SPFm-SPFp-POL-PIL-PoT Sp9 Glut,0726 SPA-SPFm-SPFp-POL-PIL-PoT Sp9 Glut_9,2999 SPA-SPFm-SPFp-POL-PIL-PoT Sp9 Glut_9,#2B93DF,#007200,#26FFFE,#58FF4D,#0061CC,1
Glut,19 MB Glut,168 SPA-SPFm-SPFp-POL-PIL-PoT Sp9 Glut,0727 SPA-SPFm-SPFp-POL-PIL-PoT Sp9 Glut_10,3000 SPA-SPFm-SPFp-POL-PIL-PoT Sp9 Glut_10,#2B93DF,#007200,#26FFFE,#00FFA9,#006633,14
Glut,19 MB Glut,168 SPA-SPFm-SPFp-POL-PIL-PoT Sp9 Glut,0727 SPA-SPFm-SPFp-POL-PIL-PoT Sp9 Glut_10,3001 SPA-SPFm-SPFp-POL-PIL-PoT Sp9 Glut_10,#2B93DF,#007200,#26FFFE,#00FFA9,#0047FF,18
Glut,19 MB Glut,168 SPA-SPFm-SPFp-POL-PIL-PoT Sp9 Glut,0728 SPA-SPFm-SPFp-POL-PIL-PoT Sp9 Glut_11,3002 SPA-SPFm-SPFp-POL-PIL-PoT Sp9 Glut_11,#2B93DF,#007200,#26FFFE,#2655FF,#CC401F,3
Glut,19 MB Glut,168 SPA-SPFm-SPFp-POL-PIL-PoT Sp9 Glut,0728 SPA-SPFm-SPFp-POL-PIL-PoT Sp9 Glut_11,3003 SPA-SPFm-SPFp-POL-PIL-PoT Sp9 Glut_11,#2B93DF,#007200,#26FFFE,#2655FF,#1F36CC,4
Glut,19 MB Glut,168 SPA-SPFm-SPFp-POL-PIL-PoT Sp9 Glut,0729 SPA-SPFm-SPFp-POL-PIL-PoT Sp9 Glut_12,3004 SPA-SPFm-SPFp-POL-PIL-PoT Sp9 Glut_12,#2B93DF,#007200,#26FFFE,#CC7AB3,#994700,38
Glut,19 MB Glut,168 SPA-SPFm-SPFp-POL-PIL-PoT Sp9 Glut,0729 SPA-SPFm-SPFp-POL-PIL-PoT Sp9 Glut_12,3005 SPA-SPFm-SPFp-POL-PIL-PoT Sp9 Glut_12,#2B93DF,#007200,#26FFFE,#CC7AB3,#3D5266,11
Glut,19 MB Glut,168 SPA-SPFm-SPFp-POL-PIL-PoT Sp9 Glut,0729 SPA-SPFm-SPFp-POL-PIL-PoT Sp9 Glut_12,3006 SPA-SPFm-SPFp-POL-PIL-PoT Sp9 Glut_12,#2B93DF,#007200,#26FFFE,#CC7AB3,#2E663E,97
Glut,19 MB Glut,169 PAG-SC Pou4f1 Zic1 Glut,0730 PAG-SC Pou4f1 Zic1 Glut_1,3007 PAG-SC Pou4f1 Zic1 Glut_1,#2B93DF,#007200,#311FCC,#73C200,#994000,3
Glut,19 MB Glut,169 PAG-SC Pou4f1 Zic1 Glut,0730 PAG-SC Pou4f1 Zic1 Glut_1,3015 PAG-SC Pou4f1 Zic1 Glut_1,#2B93DF,#007200,#311FCC,#73C200,#3ECC1F,1
Glut,19 MB Glut,169 PAG-SC Pou4f1 Zic1 Glut,0730 PAG-SC Pou4f1 Zic1 Glut_1,3018 PAG-SC Pou4f1 Zic1 Glut_1,#2B93DF,#007200,#311FCC,#73C200,#51663D,1
Glut,19 MB Glut,169 PAG-SC Pou4f1 Zic1 Glut,0730 PAG-SC Pou4f1 Zic1 Glut_1,3020 PAG-SC Pou4f1 Zic1 Glut_1,#2B93DF,#007200,#311FCC,#73C200,#983DCC,2
Glut,19 MB Glut,169 PAG-SC Pou4f1 Zic1 Glut,0731 PAG-SC Pou4f1 Zic1 Glut_2,3024 PAG-SC Pou4f1 Zic1 Glut_2,#2B93DF,#007200,#311FCC,#4E2E66,#66000D,1
Glut,19 MB Glut,170 PAG-MRN Tfap2b Glut,0733 PAG-MRN Tfap2b Glut_1,3042 PAG-MRN Tfap2b Glut_1,#2B93DF,#007200,#82995C,#2A1FCC,#26FFAD,1
Glut,19 MB Glut,170 PAG-MRN Tfap2b Glut,0733 PAG-MRN Tfap2b Glut_1,3043 PAG-MRN Tfap2b Glut_1,#2B93DF,#007200,#82995C,#2A1FCC,#331F66,1
Glut,19 MB Glut,170 PAG-MRN Tfap2b Glut,0733 PAG-MRN Tfap2b Glut_1,3044 PAG-MRN Tfap2b Glut_1,#2B93DF,#007200,#82995C,#2A1FCC,#CCB500,1
Glut,19 MB Glut,170 PAG-MRN Tfap2b Glut,0733 PAG-MRN Tfap2b Glut_1,3047 PAG-MRN Tfap2b Glut_1,#2B93DF,#007200,#82995C,#2A1FCC,#90992E,1
Glut,19 MB Glut,173 PAG Pou4f2 Glut,0745 PAG Pou4f2 Glut_1,3143 PAG Pou4f2 Glut_1,#2B93DF,#007200,#990027,#422E66,#66660F,1
Glut,19 MB Glut,173 PAG Pou4f2 Glut,0747 PAG Pou4f2 Glut_3,3163 PAG Pou4f2 Glut_3,#2B93DF,#007200,#990027,#99D5FF,#3DCC97,1
Glut,19 MB Glut,173 PAG Pou4f2 Glut,0747 PAG Pou4f2 Glut_3,3164 PAG Pou4f2 Glut_3,#2B93DF,#007200,#990027,#99D5FF,#009911,1
Glut,19 MB Glut,174 PAG Pou4f2 Mesi2 Glut,0751 PAG Pou4f2 Mesi2 Glut_2,3187 PAG Pou4f2 Mesi2 Glut_2,#2B93DF,#007200,#5FCC5C,#FFAF73,#662E5B,1
Glut,19 MB Glut,175 SC Bnc2 Glut,0756 SC Bnc2 Glut_1,3203 SC Bnc2 Glut_1,#2B93DF,#007200,#CC3D9D,#689945,#CC831F,1
Glut,19 MB Glut,176 SCig Foxb1 Glut,0761 SCig Foxb1 Glut_2,3223 SCig Foxb1 Glut_2,#2B93DF,#007200,#47FF26,#CC9C5C,#1FCCB6,2
Glut,19 MB Glut,177 SCig-an-PPT Foxb1 Glut,0764 SCig-an-PPT Foxb1 Glut_1,3241 SCig-an-PPT Foxb1 Glut_1,#2B93DF,#007200,#453D66,#663D41,#FBFF99,6
Glut,19 MB Glut,177 SCig-an-PPT Foxb1 Glut,0764 SCig-an-PPT Foxb1 Glut_1,3243 SCig-an-PPT Foxb1 Glut_1,#2B93DF,#007200,#453D66,#663D41,#662E57,1
Glut,19 MB Glut,177 SCig-an-PPT Foxb1 Glut,0764 SCig-an-PPT Foxb1 Glut_1,3244 SCig-an-PPT Foxb1 Glut_1,#2B93DF,#007200,#453D66,#663D41,#99FF73,4
Glut,19 MB Glut,177 SCig-an-PPT Foxb1 Glut,0764 SCig-an-PPT Foxb1 Glut_1,3251 SCig-an-PPT Foxb1 Glut_1,#2B93DF,#007200,#453D66,#663D41,#45995B,1
Glut,19 MB Glut,181 IC Tfap2d Maf Glut,0770 IC Tfap2d Maf Glut_1,3284 IC Tfap2d Maf Glut_1,#2B93DF,#007200,#6C1799,#4DE5FF,#7DCC7A,4
Glut,19 MB Glut,181 IC Tfap2d Maf Glut,0774 IC Tfap2d Maf Glut_5,3315 IC Tfap2d Maf Glut_5,#2B93DF,#007200,#6C1799,#5CCC73,#662E48,1
Dopa,19 MB Glut,184 PAG Tcf24 Glut,0782 PAG Tcf24 Glut_1,3353 PAG Tcf24 Glut_1,#fcf04b,#007200,#ED0000,#d15c08,#99CDFF,11
Glut,19 MB Glut,187 SCsg Pde5a Glut,0787 SCsg Pde5a Glut_3,3368 SCsg Pde5a Glut_3,#2B93DF,#007200,#B899FF,#662E3A,#B7CC1F,2
Glut,19 MB Glut,190 ND-INC Foxd2 Glut,0790 ND-INC Foxd2 Glut_1,3383 ND-INC Foxd2 Glut_1,#2B93DF,#007200,#997817,#FFCC73,#99FFDE,3
Glut,19 MB Glut,190 ND-INC Foxd2 Glut,0790 ND-INC Foxd2 Glut_1,3384 ND-INC Foxd2 Glut_1,#2B93DF,#007200,#997817,#FFCC73,#DBFF73,15
Glut,19 MB Glut,190 ND-INC Foxd2 Glut,0790 ND-INC Foxd2 Glut_1,3385 ND-INC Foxd2 Glut_1,#2B93DF,#007200,#997817,#FFCC73,#00CC88,2
GABA,20 MB GABA,191 PAG-MRN Rln3 Gaba,0791 PAG-MRN Rln3 Gaba_1,3388 PAG-MRN Rln3 Gaba_1,#FF3358,#9EF01A,#CC7400,#26FF2B,#996D00,1
GABA,20 MB GABA,195 SNr-VTA Pax5 Npas1 Gaba,0800 SNr-VTA Pax5 Npas1 Gaba_1,3438 SNr-VTA Pax5 Npas1 Gaba_1,#FF3358,#9EF01A,#2E8799,#979945,#003966,32
GABA,20 MB GABA,197 SNr Six3 Gaba,0806 SNr Six3 Gaba_1,3464 SNr Six3 Gaba_1,#FF3358,#9EF01A,#7A5C99,#2E995C,#62CC00,356
GABA,20 MB GABA,198 IC Six3 En2 Gaba,0807 IC Six3 En2 Gaba_1,3469 IC Six3 En2 Gaba_1,#FF3358,#9EF01A,#C2FF26,#66501F,#178099,4
GABA,20 MB GABA,198 IC Six3 En2 Gaba,0807 IC Six3 En2 Gaba_1,3470 IC Six3 En2 Gaba_1,#FF3358,#9EF01A,#C2FF26,#66501F,#992800,6
GABA,20 MB GABA,198 IC Six3 En2 Gaba,0807 IC Six3 En2 Gaba_1,3471 IC Six3 En2 Gaba_1,#FF3358,#9EF01A,#C2FF26,#66501F,#84992E,1
GABA,20 MB GABA,198 IC Six3 En2 Gaba,0807 IC Six3 En2 Gaba_1,3474 IC Six3 En2 Gaba_1,#FF3358,#9EF01A,#C2FF26,#66501F,#66230F,1
GABA,20 MB GABA,198 IC Six3 En2 Gaba,0809 IC Six3 En2 Gaba_3,3487 IC Six3 En2 Gaba_3,#FF3358,#9EF01A,#C2FF26,#60995C,#992F00,1
GABA,20 MB GABA,198 IC Six3 En2 Gaba,0813 IC Six3 En2 Gaba_7,3506 IC Six3 En2 Gaba_7,#FF3358,#9EF01A,#C2FF26,#179099,#5C9985,1
GABA,20 MB GABA,200 PAG-ND-PCG Onecut1 Gaba,0818 PAG-ND-PCG Onecut1 Gaba_1,3535 PAG-ND-PCG Onecut1 Gaba_1,#FF3358,#9EF01A,#000799,#41fcf6,#457799,1
GABA,20 MB GABA,200 PAG-ND-PCG Onecut1 Gaba,0820 PAG-ND-PCG Onecut1 Gaba_3,3550 PAG-ND-PCG Onecut1 Gaba_3,#FF3358,#9EF01A,#000799,#1F65CC,#995C6C,1
GABA,20 MB GABA,201 PAG-RN Nkx2-2 Otx1 Gaba,0823 PAG-RN Nkx2-2 Otx1 Gaba_1,3562 PAG-RN Nkx2-2 Otx1 Gaba_1,#FF3358,#9EF01A,#7DFF4D,#8fb7ac,#007F99,3
GABA,20 MB GABA,201 PAG-RN Nkx2-2 Otx1 Gaba,0824 PAG-RN Nkx2-2 Otx1 Gaba_2,3570 PAG-RN Nkx2-2 Otx1 Gaba_2,#FF3358,#9EF01A,#7DFF4D,#1F79CC,#1F6650,1
GABA,20 MB GABA,202 PRT Tcf7l2 Gaba,0829 PRT Tcf7l2 Gaba_1,3596 PRT Tcf7l2 Gaba_1,#FF3358,#9EF01A,#474599,#FF4DBB,#CC7AB2,4
GABA,20 MB GABA,202 PRT Tcf7l2 Gaba,0829 PRT Tcf7l2 Gaba_1,3597 PRT Tcf7l2 Gaba_1,#FF3358,#9EF01A,#474599,#FF4DBB,#4DFF94,1
GABA,20 MB GABA,202 PRT Tcf7l2 Gaba,0829 PRT Tcf7l2 Gaba_1,3602 PRT Tcf7l2 Gaba_1,#FF3358,#9EF01A,#474599,#FF4DBB,#994597,1
GABA,20 MB GABA,202 PRT Tcf7l2 Gaba,0829 PRT Tcf7l2 Gaba_1,3603 PRT Tcf7l2 Gaba_1,#FF3358,#9EF01A,#474599,#FF4DBB,#4DFF78,16
GABA,20 MB GABA,202 PRT Tcf7l2 Gaba,0829 PRT Tcf7l2 Gaba_1,3604 PRT Tcf7l2 Gaba_1,#FF3358,#9EF01A,#474599,#FF4DBB,#73FFFB,3
GABA,20 MB GABA,202 PRT Tcf7l2 Gaba,0829 PRT Tcf7l2 Gaba_1,3605 PRT Tcf7l2 Gaba_1,#FF3358,#9EF01A,#474599,#FF4DBB,#9F26FF,1
GABA,20 MB GABA,202 PRT Tcf7l2 Gaba,0829 PRT Tcf7l2 Gaba_1,3606 PRT Tcf7l2 Gaba_1,#FF3358,#9EF01A,#474599,#FF4DBB,#1F6665,20
GABA,20 MB GABA,202 PRT Tcf7l2 Gaba,0830 PRT Tcf7l2 Gaba_2,3608 PRT Tcf7l2 Gaba_2,#FF3358,#9EF01A,#474599,#5D3DCC,#180099,1
GABA,20 MB GABA,202 PRT Tcf7l2 Gaba,0830 PRT Tcf7l2 Gaba_2,3611 PRT Tcf7l2 Gaba_2,#FF3358,#9EF01A,#474599,#5D3DCC,#6C9945,1
GABA,20 MB GABA,202 PRT Tcf7l2 Gaba,0830 PRT Tcf7l2 Gaba_2,3612 PRT Tcf7l2 Gaba_2,#FF3358,#9EF01A,#474599,#5D3DCC,#1F3466,4
GABA,20 MB GABA,202 PRT Tcf7l2 Gaba,0831 PRT Tcf7l2 Gaba_3,3614 PRT Tcf7l2 Gaba_3,#FF3358,#9EF01A,#474599,#3DCC77,#CC251F,1
GABA,20 MB GABA,202 PRT Tcf7l2 Gaba,0831 PRT Tcf7l2 Gaba_3,3616 PRT Tcf7l2 Gaba_3,#FF3358,#9EF01A,#474599,#3DCC77,#FF4DA4,3
GABA,20 MB GABA,202 PRT Tcf7l2 Gaba,0831 PRT Tcf7l2 Gaba_3,3617 PRT Tcf7l2 Gaba_3,#FF3358,#9EF01A,#474599,#3DCC77,#660054,4
GABA,20 MB GABA,202 PRT Tcf7l2 Gaba,0831 PRT Tcf7l2 Gaba_3,3618 PRT Tcf7l2 Gaba_3,#FF3358,#9EF01A,#474599,#3DCC77,#ED26FF,16
GABA,20 MB GABA,202 PRT Tcf7l2 Gaba,0831 PRT Tcf7l2 Gaba_3,3619 PRT Tcf7l2 Gaba_3,#FF3358,#9EF01A,#474599,#3DCC77,#99722E,34
GABA,20 MB GABA,202 PRT Tcf7l2 Gaba,0831 PRT Tcf7l2 Gaba_3,3620 PRT Tcf7l2 Gaba_3,#FF3358,#9EF01A,#474599,#3DCC77,#FF00D6,1
GABA,20 MB GABA,202 PRT Tcf7l2 Gaba,0831 PRT Tcf7l2 Gaba_3,3621 PRT Tcf7l2 Gaba_3,#FF3358,#9EF01A,#474599,#3DCC77,#F4FF73,20
GABA,20 MB GABA,202 PRT Tcf7l2 Gaba,0832 PRT Tcf7l2 Gaba_4,3622 PRT Tcf7l2 Gaba_4,#FF3358,#9EF01A,#474599,#006635,#459599,1
GABA,20 MB GABA,202 PRT Tcf7l2 Gaba,0833 PRT Tcf7l2 Gaba_5,3632 PRT Tcf7l2 Gaba_5,#FF3358,#9EF01A,#474599,#999DFF,#7A8CCC,1
GABA,20 MB GABA,203 LGv-SPFp-SPFm Nkx2-2 Tcf7l2 Gaba,0834 LGv-SPFp-SPFm Nkx2-2 Tcf7l2 Gaba_1,3633 LGv-SPFp-SPFm Nkx2-2 Tcf7l2 Gaba_1,#FF3358,#9EF01A,#FFC199,#5C995E,#FFE84D,18
GABA,20 MB GABA,203 LGv-SPFp-SPFm Nkx2-2 Tcf7l2 Gaba,0834 LGv-SPFp-SPFm Nkx2-2 Tcf7l2 Gaba_1,3634 LGv-SPFp-SPFm Nkx2-2 Tcf7l2 Gaba_1,#FF3358,#9EF01A,#FFC199,#5C995E,#F199FF,6
GABA,20 MB GABA,203 LGv-SPFp-SPFm Nkx2-2 Tcf7l2 Gaba,0834 LGv-SPFp-SPFm Nkx2-2 Tcf7l2 Gaba_1,3635 LGv-SPFp-SPFm Nkx2-2 Tcf7l2 Gaba_1,#FF3358,#9EF01A,#FFC199,#5C995E,#3100FF,28
GABA,20 MB GABA,203 LGv-SPFp-SPFm Nkx2-2 Tcf7l2 Gaba,0834 LGv-SPFp-SPFm Nkx2-2 Tcf7l2 Gaba_1,3636 LGv-SPFp-SPFm Nkx2-2 Tcf7l2 Gaba_1,#FF3358,#9EF01A,#FFC199,#5C995E,#00FF25,26
GABA,20 MB GABA,203 LGv-SPFp-SPFm Nkx2-2 Tcf7l2 Gaba,0834 LGv-SPFp-SPFm Nkx2-2 Tcf7l2 Gaba_1,3637 LGv-SPFp-SPFm Nkx2-2 Tcf7l2 Gaba_1,#FF3358,#9EF01A,#FFC199,#5C995E,#FF99A8,15
GABA,20 MB GABA,203 LGv-SPFp-SPFm Nkx2-2 Tcf7l2 Gaba,0834 LGv-SPFp-SPFm Nkx2-2 Tcf7l2 Gaba_1,3638 LGv-SPFp-SPFm Nkx2-2 Tcf7l2 Gaba_1,#FF3358,#9EF01A,#FFC199,#5C995E,#EFFF00,22
GABA,20 MB GABA,203 LGv-SPFp-SPFm Nkx2-2 Tcf7l2 Gaba,0834 LGv-SPFp-SPFm Nkx2-2 Tcf7l2 Gaba_1,3639 LGv-SPFp-SPFm Nkx2-2 Tcf7l2 Gaba_1,#FF3358,#9EF01A,#FFC199,#5C995E,#5D9917,29
GABA,20 MB GABA,203 LGv-SPFp-SPFm Nkx2-2 Tcf7l2 Gaba,0834 LGv-SPFp-SPFm Nkx2-2 Tcf7l2 Gaba_1,3640 LGv-SPFp-SPFm Nkx2-2 Tcf7l2 Gaba_1,#FF3358,#9EF01A,#FFC199,#5C995E,#F726FF,67
GABA,20 MB GABA,203 LGv-SPFp-SPFm Nkx2-2 Tcf7l2 Gaba,0835 LGv-SPFp-SPFm Nkx2-2 Tcf7l2 Gaba_2,3641 LGv-SPFp-SPFm Nkx2-2 Tcf7l2 Gaba_2,#FF3358,#9EF01A,#FFC199,#5A663D,#004D66,28
GABA,20 MB GABA,203 LGv-SPFp-SPFm Nkx2-2 Tcf7l2 Gaba,0835 LGv-SPFp-SPFm Nkx2-2 Tcf7l2 Gaba_2,3642 LGv-SPFp-SPFm Nkx2-2 Tcf7l2 Gaba_2,#FF3358,#9EF01A,#FFC199,#5A663D,#002466,48
GABA,20 MB GABA,203 LGv-SPFp-SPFm Nkx2-2 Tcf7l2 Gaba,0835 LGv-SPFp-SPFm Nkx2-2 Tcf7l2 Gaba_2,3643 LGv-SPFp-SPFm Nkx2-2 Tcf7l2 Gaba_2,#FF3358,#9EF01A,#FFC199,#5A663D,#456999,95
GABA,20 MB GABA,203 LGv-SPFp-SPFm Nkx2-2 Tcf7l2 Gaba,0835 LGv-SPFp-SPFm Nkx2-2 Tcf7l2 Gaba_2,3644 LGv-SPFp-SPFm Nkx2-2 Tcf7l2 Gaba_2,#FF3358,#9EF01A,#FFC199,#5A663D,#530F66,13
GABA,20 MB GABA,203 LGv-SPFp-SPFm Nkx2-2 Tcf7l2 Gaba,0835 LGv-SPFp-SPFm Nkx2-2 Tcf7l2 Gaba_2,3645 LGv-SPFp-SPFm Nkx2-2 Tcf7l2 Gaba_2,#FF3358,#9EF01A,#FFC199,#5A663D,#B4FF99,95
GABA,20 MB GABA,203 LGv-SPFp-SPFm Nkx2-2 Tcf7l2 Gaba,0835 LGv-SPFp-SPFm Nkx2-2 Tcf7l2 Gaba_2,3646 LGv-SPFp-SPFm Nkx2-2 Tcf7l2 Gaba_2,#FF3358,#9EF01A,#FFC199,#5A663D,#37CC1F,25
GABA,20 MB GABA,203 LGv-SPFp-SPFm Nkx2-2 Tcf7l2 Gaba,0836 LGv-SPFp-SPFm Nkx2-2 Tcf7l2 Gaba_3,3647 LGv-SPFp-SPFm Nkx2-2 Tcf7l2 Gaba_3,#FF3358,#9EF01A,#FFC199,#CC2B1F,#99AFFF,13
GABA,20 MB GABA,203 LGv-SPFp-SPFm Nkx2-2 Tcf7l2 Gaba,0836 LGv-SPFp-SPFm Nkx2-2 Tcf7l2 Gaba_3,3648 LGv-SPFp-SPFm Nkx2-2 Tcf7l2 Gaba_3,#FF3358,#9EF01A,#FFC199,#CC2B1F,#CCAA5C,24
GABA,20 MB GABA,203 LGv-SPFp-SPFm Nkx2-2 Tcf7l2 Gaba,0836 LGv-SPFp-SPFm Nkx2-2 Tcf7l2 Gaba_3,3649 LGv-SPFp-SPFm Nkx2-2 Tcf7l2 Gaba_3,#FF3358,#9EF01A,#FFC199,#CC2B1F,#1F6633,19
GABA,20 MB GABA,203 LGv-SPFp-SPFm Nkx2-2 Tcf7l2 Gaba,0836 LGv-SPFp-SPFm Nkx2-2 Tcf7l2 Gaba_3,3650 LGv-SPFp-SPFm Nkx2-2 Tcf7l2 Gaba_3,#FF3358,#9EF01A,#FFC199,#CC2B1F,#FF00ED,12
GABA,20 MB GABA,203 LGv-SPFp-SPFm Nkx2-2 Tcf7l2 Gaba,0836 LGv-SPFp-SPFm Nkx2-2 Tcf7l2 Gaba_3,3651 LGv-SPFp-SPFm Nkx2-2 Tcf7l2 Gaba_3,#FF3358,#9EF01A,#FFC199,#CC2B1F,#99865C,4
GABA,20 MB GABA,203 LGv-SPFp-SPFm Nkx2-2 Tcf7l2 Gaba,0836 LGv-SPFp-SPFm Nkx2-2 Tcf7l2 Gaba_3,3652 LGv-SPFp-SPFm Nkx2-2 Tcf7l2 Gaba_3,#FF3358,#9EF01A,#FFC199,#CC2B1F,#CC733D,2
GABA,20 MB GABA,203 LGv-SPFp-SPFm Nkx2-2 Tcf7l2 Gaba,0837 LGv-SPFp-SPFm Nkx2-2 Tcf7l2 Gaba_4,3653 LGv-SPFp-SPFm Nkx2-2 Tcf7l2 Gaba_4,#FF3358,#9EF01A,#FFC199,#460F66,#AB1FCC,26
GABA,20 MB GABA,203 LGv-SPFp-SPFm Nkx2-2 Tcf7l2 Gaba,0837 LGv-SPFp-SPFm Nkx2-2 Tcf7l2 Gaba_4,3654 LGv-SPFp-SPFm Nkx2-2 Tcf7l2 Gaba_4,#FF3358,#9EF01A,#FFC199,#460F66,#CC7B1F,27
GABA,20 MB GABA,203 LGv-SPFp-SPFm Nkx2-2 Tcf7l2 Gaba,0837 LGv-SPFp-SPFm Nkx2-2 Tcf7l2 Gaba_4,3655 LGv-SPFp-SPFm Nkx2-2 Tcf7l2 Gaba_4,#FF3358,#9EF01A,#FFC199,#460F66,#3D5166,16
GABA,20 MB GABA,203 LGv-SPFp-SPFm Nkx2-2 Tcf7l2 Gaba,0837 LGv-SPFp-SPFm Nkx2-2 Tcf7l2 Gaba_4,3656 LGv-SPFp-SPFm Nkx2-2 Tcf7l2 Gaba_4,#FF3358,#9EF01A,#FFC199,#460F66,#66460F,38
GABA,20 MB GABA,203 LGv-SPFp-SPFm Nkx2-2 Tcf7l2 Gaba,0837 LGv-SPFp-SPFm Nkx2-2 Tcf7l2 Gaba_4,3657 LGv-SPFp-SPFm Nkx2-2 Tcf7l2 Gaba_4,#FF3358,#9EF01A,#FFC199,#460F66,#7AA0CC,9
GABA,20 MB GABA,203 LGv-SPFp-SPFm Nkx2-2 Tcf7l2 Gaba,0838 LGv-SPFp-SPFm Nkx2-2 Tcf7l2 Gaba_5,3658 LGv-SPFp-SPFm Nkx2-2 Tcf7l2 Gaba_5,#FF3358,#9EF01A,#FFC199,#995C92,#00C2CC,26
GABA,20 MB GABA,203 LGv-SPFp-SPFm Nkx2-2 Tcf7l2 Gaba,0838 LGv-SPFp-SPFm Nkx2-2 Tcf7l2 Gaba_5,3659 LGv-SPFp-SPFm Nkx2-2 Tcf7l2 Gaba_5,#FF3358,#9EF01A,#FFC199,#995C92,#7AC3CC,7
GABA,20 MB GABA,203 LGv-SPFp-SPFm Nkx2-2 Tcf7l2 Gaba,0838 LGv-SPFp-SPFm Nkx2-2 Tcf7l2 Gaba_5,3660 LGv-SPFp-SPFm Nkx2-2 Tcf7l2 Gaba_5,#FF3358,#9EF01A,#FFC199,#995C92,#FF73CD,44
GABA,20 MB GABA,203 LGv-SPFp-SPFm Nkx2-2 Tcf7l2 Gaba,0838 LGv-SPFp-SPFm Nkx2-2 Tcf7l2 Gaba_5,3661 LGv-SPFp-SPFm Nkx2-2 Tcf7l2 Gaba_5,#FF3358,#9EF01A,#FFC199,#995C92,#2C1799,16
GABA,20 MB GABA,203 LGv-SPFp-SPFm Nkx2-2 Tcf7l2 Gaba,0838 LGv-SPFp-SPFm Nkx2-2 Tcf7l2 Gaba_5,3662 LGv-SPFp-SPFm Nkx2-2 Tcf7l2 Gaba_5,#FF3358,#9EF01A,#FFC199,#995C92,#542E66,48
GABA,20 MB GABA,203 LGv-SPFp-SPFm Nkx2-2 Tcf7l2 Gaba,0839 LGv-SPFp-SPFm Nkx2-2 Tcf7l2 Gaba_6,3663 LGv-SPFp-SPFm Nkx2-2 Tcf7l2 Gaba_6,#FF3358,#9EF01A,#FFC199,#2A9900,#991741,70
GABA,20 MB GABA,203 LGv-SPFp-SPFm Nkx2-2 Tcf7l2 Gaba,0839 LGv-SPFp-SPFm Nkx2-2 Tcf7l2 Gaba_6,3664 LGv-SPFp-SPFm Nkx2-2 Tcf7l2 Gaba_6,#FF3358,#9EF01A,#FFC199,#2A9900,#991796,28
GABA,20 MB GABA,203 LGv-SPFp-SPFm Nkx2-2 Tcf7l2 Gaba,0839 LGv-SPFp-SPFm Nkx2-2 Tcf7l2 Gaba_6,3665 LGv-SPFp-SPFm Nkx2-2 Tcf7l2 Gaba_6,#FF3358,#9EF01A,#FFC199,#2A9900,#66000A,34
GABA,20 MB GABA,203 LGv-SPFp-SPFm Nkx2-2 Tcf7l2 Gaba,0839 LGv-SPFp-SPFm Nkx2-2 Tcf7l2 Gaba_6,3666 LGv-SPFp-SPFm Nkx2-2 Tcf7l2 Gaba_6,#FF3358,#9EF01A,#FFC199,#2A9900,#FF4DFD,71
GABA,20 MB GABA,203 LGv-SPFp-SPFm Nkx2-2 Tcf7l2 Gaba,0840 LGv-SPFp-SPFm Nkx2-2 Tcf7l2 Gaba_7,3667 LGv-SPFp-SPFm Nkx2-2 Tcf7l2 Gaba_7,#FF3358,#9EF01A,#FFC199,#66004A,#653D66,32
GABA,20 MB GABA,203 LGv-SPFp-SPFm Nkx2-2 Tcf7l2 Gaba,0840 LGv-SPFp-SPFm Nkx2-2 Tcf7l2 Gaba_7,3668 LGv-SPFp-SPFm Nkx2-2 Tcf7l2 Gaba_7,#FF3358,#9EF01A,#FFC199,#66004A,#00CC2C,70
GABA,20 MB GABA,206 SCm-PAG Cdh23 Gaba,0849 SCm-PAG Cdh23 Gaba_2,3712 SCm-PAG Cdh23 Gaba_2,#FF3358,#9EF01A,#CC5C69,#F8FF26,#3D70CC,2
GABA,20 MB GABA,207 SCs Dmbx1 Gaba,0855 SCs Dmbx1 Gaba_4,3734 SCs Dmbx1 Gaba_4,#FF3358,#9EF01A,#4CCC3D,#1FC5CC,#8ACC7A,2
GABA,20 MB GABA,207 SCs Dmbx1 Gaba,0856 SCs Dmbx1 Gaba_5,3740 SCs Dmbx1 Gaba_5,#FF3358,#9EF01A,#4CCC3D,#CA7ACC,#44662E,6
GABA,20 MB GABA,209 SCs Pax7 Nfia Gaba,0863 SCs Pax7 Nfia Gaba_5,3759 SCs Pax7 Nfia Gaba_5,#FF3358,#9EF01A,#CC1F66,#26FF43,#73B1FF,1
GABA,20 MB GABA,210 PRT Mecom Gaba,0864 PRT Mecom Gaba_1,3762 PRT Mecom Gaba_1,#FF3358,#9EF01A,#CC6B3D,#CC1F31,#5E3D66,1
GABA,20 MB GABA,213 SCsg Gabrr2 Gaba,0872 SCsg Gabrr2 Gaba_1,3797 SCsg Gabrr2 Gaba_1,#FF3358,#9EF01A,#0e0163,#99456C,#3D8ACC,37
GABA,20 MB GABA,213 SCsg Gabrr2 Gaba,0872 SCsg Gabrr2 Gaba_1,3798 SCsg Gabrr2 Gaba_1,#FF3358,#9EF01A,#0e0163,#99456C,#AE26FF,83
GABA,20 MB GABA,213 SCsg Gabrr2 Gaba,0872 SCsg Gabrr2 Gaba_1,3799 SCsg Gabrr2 Gaba_1,#FF3358,#9EF01A,#0e0163,#99456C,#3A1F66,47
GABA,20 MB GABA,213 SCsg Gabrr2 Gaba,0872 SCsg Gabrr2 Gaba_1,3800 SCsg Gabrr2 Gaba_1,#FF3358,#9EF01A,#0e0163,#99456C,#26660F,51
GABA,20 MB GABA,213 SCsg Gabrr2 Gaba,0872 SCsg Gabrr2 Gaba_1,3801 SCsg Gabrr2 Gaba_1,#FF3358,#9EF01A,#0e0163,#99456C,#26FFC1,2
GABA,20 MB GABA,213 SCsg Gabrr2 Gaba,0872 SCsg Gabrr2 Gaba_1,3802 SCsg Gabrr2 Gaba_1,#FF3358,#9EF01A,#0e0163,#99456C,#CEFF4D,2
GABA,20 MB GABA,213 SCsg Gabrr2 Gaba,0872 SCsg Gabrr2 Gaba_1,3803 SCsg Gabrr2 Gaba_1,#FF3358,#9EF01A,#0e0163,#99456C,#3426FF,4
GABA,20 MB GABA,213 SCsg Gabrr2 Gaba,0872 SCsg Gabrr2 Gaba_1,3804 SCsg Gabrr2 Gaba_1,#FF3358,#9EF01A,#0e0163,#99456C,#663D48,6
GABA,20 MB GABA,213 SCsg Gabrr2 Gaba,0873 SCsg Gabrr2 Gaba_2,3808 SCsg Gabrr2 Gaba_2,#FF3358,#9EF01A,#0e0163,#66413D,#649945,1
GABA,20 MB GABA,213 SCsg Gabrr2 Gaba,0873 SCsg Gabrr2 Gaba_2,3811 SCsg Gabrr2 Gaba_2,#FF3358,#9EF01A,#0e0163,#66413D,#00CBCC,1
